p1_championId,p1_championName,p1_participantId,p1_perks.statPerks.offense,p1_perks.statPerks.flex,p1_perks.statPerks.defense,p1_puuid,p1_summoner1Id,p1_summoner2Id,p1_summonerId,p1_summonerLevel,p1_summonerName,p1_teamId,p1_win,p2_championId,p2_championName,p2_participantId,p2_perks.statPerks.offense,p2_perks.statPerks.flex,p2_perks.statPerks.defense,p2_puuid,p2_summoner1Id,p2_summoner2Id,p2_summonerId,p2_summonerLevel,p2_summonerName,p2_teamId,p2_win,p3_championId,p3_championName,p3_participantId,p3_perks.statPerks.offense,p3_perks.statPerks.flex,p3_perks.statPerks.defense,p3_puuid,p3_summoner1Id,p3_summoner2Id,p3_summonerId,p3_summonerLevel,p3_summonerName,p3_teamId,p3_win,p4_championId,p4_championName,p4_participantId,p4_perks.statPerks.offense,p4_perks.statPerks.flex,p4_perks.statPerks.defense,p4_puuid,p4_summoner1Id,p4_summoner2Id,p4_summonerId,p4_summonerLevel,p4_summonerName,p4_teamId,p4_win,p5_championId,p5_championName,p5_participantId,p5_perks.statPerks.offense,p5_perks.statPerks.flex,p5_perks.statPerks.defense,p5_puuid,p5_summoner1Id,p5_summoner2Id,p5_summonerId,p5_summonerLevel,p5_summonerName,p5_teamId,p5_win,p6_championId,p6_championName,p6_participantId,p6_perks.statPerks.offense,p6_perks.statPerks.flex,p6_perks.statPerks.defense,p6_puuid,p6_summoner1Id,p6_summoner2Id,p6_summonerId,p6_summonerLevel,p6_summonerName,p6_teamId,p6_win,p7_championId,p7_championName,p7_participantId,p7_perks.statPerks.offense,p7_perks.statPerks.flex,p7_perks.statPerks.defense,p7_puuid,p7_summoner1Id,p7_summoner2Id,p7_summonerId,p7_summonerLevel,p7_summonerName,p7_teamId,p7_win,p8_championId,p8_championName,p8_participantId,p8_perks.statPerks.offense,p8_perks.statPerks.flex,p8_perks.statPerks.defense,p8_puuid,p8_summoner1Id,p8_summoner2Id,p8_summonerId,p8_summonerLevel,p8_summonerName,p8_teamId,p8_win,p9_championId,p9_championName,p9_participantId,p9_perks.statPerks.offense,p9_perks.statPerks.flex,p9_perks.statPerks.defense,p9_puuid,p9_summoner1Id,p9_summoner2Id,p9_summonerId,p9_summonerLevel,p9_summonerName,p9_teamId,p9_win,p10_championId,p10_championName,p10_participantId,p10_perks.statPerks.offense,p10_perks.statPerks.flex,p10_perks.statPerks.defense,p10_puuid,p10_summoner1Id,p10_summoner2Id,p10_summonerId,p10_summonerLevel,p10_summonerName,p10_teamId,p10_win,p1_perk1,p1_perk2,p1_perk3,p1_perk4,p1_perk5,p1_perk6,p2_perk1,p2_perk2,p2_perk3,p2_perk4,p2_perk5,p2_perk6,p3_perk1,p3_perk2,p3_perk3,p3_perk4,p3_perk5,p3_perk6,p4_perk1,p4_perk2,p4_perk3,p4_perk4,p4_perk5,p4_perk6,p5_perk1,p5_perk2,p5_perk3,p5_perk4,p5_perk5,p5_perk6,p6_perk1,p6_perk2,p6_perk3,p6_perk4,p6_perk5,p6_perk6,p7_perk1,p7_perk2,p7_perk3,p7_perk4,p7_perk5,p7_perk6,p8_perk1,p8_perk2,p8_perk3,p8_perk4,p8_perk5,p8_perk6,p9_perk1,p9_perk2,p9_perk3,p9_perk4,p9_perk5,p9_perk6,p10_perk1,p10_perk2,p10_perk3,p10_perk4,p10_perk5,p10_perk6,matchId,gameMode
142,Zoe,1,5008,5008,5002,QFdmTPjoX7JAYz29vlL0Y6g8Fg6PuJ_a2RPN-he3wQrCJtcyj3fk39IyBmEUgM526u3dAxi3IOYFQg,4,32,Zw_7h9tsVQUISMgTID3y2gOdBvBSB3B0Sone3bXaBtbSewI,313,Vemodalen,100,True,18,Tristana,2,5005,5008,5002,VOxOZqDiLtzNKuYfp8PsZguOK1SsdH1Z263MD81DqyR6ef3WsQ-L5zi0OrgdL329Z1XcNfzu1syYbw,13,4,o3zBEYAABMPzzu56n9sQYcsXRwvOdYa6X9l9-7qpggdFZkY,318,Biddlestix,100,True,517,Sylas,3,5008,5008,5002,7p8w9Gs7AS11790BtGRZh1DYlFkdbh78m_VWnwK7n2GzmyNHTEFk9Yy1oUgOgU1Cay9LFTtr2Ztjew,14,32,vuhvfOSub4sVE6CL09TNei6lfq-KzI5DUg01zwcst5cpbHs,197,Sanelitefalcon,100,True,67,Vayne,4,5005,5003,5002,YGVK004m0XL6KgrW7bZui0YArLn0DjTcAXW8aRfIDuODUPXgElaGYygF4R63LmJ61HxSdQbr520dJw,4,21,xUem-fp16s2pvHyez7e1FbSpX_EDwaNW4uI-6PDvTrzcfvw,180,BabyZach,100,True,10,Kayle,5,5005,5008,5002,gOoZHiAmD1_x3C4pOV4AMsgjcQdKsRH965V6aMu1Q_T8KO3y0cThx_AQNwOzZG3OQJ4Cv0BFx_d_hw,6,4,EgcBDU0Lwfo8Iserq_TPQCqwnu_-KHmZqkr8doHDoh6eOKREi0PFrk_VRQ,164,Lilico,100,True,202,Jhin,6,5008,5008,5002,_fzoKE4DhNoPeEIg89ePmSrhWJbkwhbWA8hO_2rgIkaYpVP6BjNthlgu-b-WkGXdW1jXC7BjdQxnew,7,4,PA1KMT3wUbvuN3e1WbJ0BgXTCqUkeYduOchl-zaeJ2e-l08,188,Heavenly D,200,False,84,Akali,7,5008,5008,5002,zAhiF5mfju9HX1IwcJS0XHdphIp4UNJRypebH8Ta2TO2YeJyu0t1b7UFicR4EcE1wKzQl-rf5D6dEw,32,4,0s6Q1I7Js1n9tYnh70KCkWm1lbfv7_P1nj9VuVCkQ6s6iqg,346,Maethornis,200,False,27,Singed,8,5008,5008,5002,ALdxOl4wRN04rb7w-tSsN-gP3K-cYxuZ6juaaBIRuNXRI8UG-K4YrjtTKe63nf8hiDsURQ9PA8uy1g,32,4,_waNuu6SyNx4ahndI43nVhj1OvBtPSLfYRMAXmuRC_to0lE,212,ShipRek,200,False,236,Lucian,9,5005,5002,5003,LRjZnG4Accpchvyvybe9v8HiLD0wVMQvzAesQDYE6_JaO2SzDOBdPWg7_6o6JZqO2Ddgkc9sCbHf9A,4,7,fLwk7cqg8Qd0FrvSD7qmqLnD9CKtc_W5ZTkgW0evrY6bmQ4,232,TarousSilver,200,False,110,Varus,10,5008,5008,5002,eGuhAPLyQtCBeJXHSl5R5ibhhbKPvwtyOu8iUyBKVUkFC0D-781UhbEGInEJl02PJFpgt45aHJlL4Q,6,4,qoEl7yygKz6HHuSk1lIbGuim013O7kyuqmtPLDU3yg5yAvc,486,KhaStyx,200,False,8128,8139,8138,8135,8009,8014,9923,8139,8138,8135,9111,9104,8010,9111,9105,8014,8139,8135,8008,9101,9105,8299,8321,8347,8008,9111,9104,8014,8139,8135,8128,8139,8138,8135,8009,8014,8010,8009,9105,8014,8139,8135,8010,9111,9105,8299,8139,8135,8005,8009,9104,8017,8138,8134,8128,8139,8138,8106,8233,8236,NA1_4291403419,ARAM
412,Thresh,1,5007,5008,5001,uu2C1y_R7xzCvmbiXRfLOfxEcMw_OiHDU2BTJIwVNNO1VD_T1eCid9yotypJLG3MVDeT6bVzxp6PxA,4,32,vVxCKkXyOZy_52gqfOA2gnJSDV40S3j97GvCjpeD3JtlJ5g,208,Expired User,100,False,235,Senna,2,5005,5002,5001,fWr1EN1_nZWwF82_P92TssiWn8SizgvREZB6ziTUndSlZnGSROybXjtZgkfkdB4xYIyAU15bxnoaMA,7,4,aQ8t9l7c3t5H3zBuHo65QN_U1O5xxfzkcj849OdIF2q7pAU,172,Ascilia,100,False,61,Orianna,3,5008,5008,5002,keCdYK96aR4aRDiT-1VeS1EHovz7ZU1LnHT6DPTgRApNg2pkKA2vSbjiql_lmRWz8yjgwPi_SgliFw,7,4,YcUT0JoZsjoZOD_QtYj4adSmboErKP2Gw2wmsh2ptx0SRuo,349,melly bird,100,False,53,Blitzcrank,4,5008,5008,5002,K53wm8ppw_I26CdkfQsXJxGhpOqqD3p8pD6Br3wZLaclBd4_nj6rB6lGnG8B9algdoL9-iBQRtCjXA,7,4,-gPFg305eNo9vk72WLehgaKbHGE09q_bobYVODRdMZGh-v0,363,Left Tiddy,100,False,19,Warwick,5,5005,5008,5002,mhFCEfCfgjK6KqDRDDczU57aiHWkEgXSqX6e_SOAvx-SqbbDGICQQAdaonV8MTAakyi-5N4rjkXkdg,32,4,N1KuNk8bMZDo8D-xDE3bIr8WGuJcY8phgcaD22qVpHLunIg,318,Recoil11,100,False,421,RekSai,6,5005,5008,5002,ALdxOl4wRN04rb7w-tSsN-gP3K-cYxuZ6juaaBIRuNXRI8UG-K4YrjtTKe63nf8hiDsURQ9PA8uy1g,32,4,_waNuu6SyNx4ahndI43nVhj1OvBtPSLfYRMAXmuRC_to0lE,213,ShipRek,200,True,38,Kassadin,7,5008,5008,5003,VhQRQHOKkGdbQN3n9ixTAdoF43CBMnKN0xgJJgjleezLnZU-okrGsJbWDrXmLerdTk8gy3d2JV7LYA,32,4,MxRonRKcNGNeyPfVfsZBZ8GbIwQLXTV5SWSzTInDvUwBJD0,289,Litharien,200,True,17,Teemo,8,5005,5002,5003,LRjZnG4Accpchvyvybe9v8HiLD0wVMQvzAesQDYE6_JaO2SzDOBdPWg7_6o6JZqO2Ddgkc9sCbHf9A,4,7,fLwk7cqg8Qd0FrvSD7qmqLnD9CKtc_W5ZTkgW0evrY6bmQ4,233,TarousSilver,200,True,29,Twitch,9,5005,5008,5001,HkIRkIJDIoiOq69FfuE_zh19ucGsd7rU4z4DU_NSPRpc_hk8sKzOxsVa6bK85ZfHtC3M8zEQpsw9iw,14,4,Tk7csyR1kUX3l7Vpthw0U2BMz3PDV-TMvj2MmJeA5V6HynX7,268,IWillNotIllaoit,200,True,267,Nami,10,5008,5008,5002,HaUyXNAEs7XpeOyrNDYDW0bDPNJZHaCjjv7M00nnNEieTuDFDPoyGyUrU9fVxcQqbBxRVVVJk0UWvQ,4,32,V9LioO5vwqFneC8zRNk2D2BKvzGawjY1VJwllhOHdxYr56hM,270,deborahfischer1,200,True,8439,8463,8473,8451,8009,9105,8229,8226,8210,8237,8304,8345,8229,8226,8210,8237,8345,8352,8351,8306,8316,8347,8473,8451,8010,9111,9105,8299,8139,8135,9923,8126,8138,8135,9111,8014,8112,8139,8138,8135,8009,8014,8437,8446,8429,8451,8009,9104,9923,8126,8138,8135,8009,8017,8214,8226,8210,8237,8014,8009,NA1_4291608940,ARAM
69,Cassiopeia,1,5008,5008,5002,EOWCJIc1oj7nOdRBR-nuXdQ_OYU_wWa5Clio-dzvuqkqGNek3gLV3-tfp3KabmS-MDZ77ZYu6AyM_w,4,32,A5zZ0eYqcUUjnIBYBjhIGvaAe16-i_ekckaKPpJMtcVzhT8,224,SpectreRyzen,100,True,102,Shyvana,2,5005,5008,5002,_fzoKE4DhNoPeEIg89ePmSrhWJbkwhbWA8hO_2rgIkaYpVP6BjNthlgu-b-WkGXdW1jXC7BjdQxnew,7,4,PA1KMT3wUbvuN3e1WbJ0BgXTCqUkeYduOchl-zaeJ2e-l08,188,Heavenly D,100,True,90,Malzahar,3,5008,5008,5001,Jdeyxx0dbxtF_6XRMz2t3OK2sZDnfbX0D1NL7_B_5VnDWO7Qr7ysju_fpC7VLWjrdr2zPd8fTUAy-Q,4,32,j6o5H4AigadH1uVz89Mm34hcA7IK1PjvBO5JmXN_4VqV5fk,180,MathFa,100,True,161,Velkoz,4,5007,5008,5003,d4IeT9kgn0_oBWeSMOqcCP8zTtqCD6vPis9DiQw1MHO_Pzz7RUpzB1omKOGzwW8zIMgRifrS0vJbhg,21,4,0iKtMVn1eUQtbBkgDmPJc6v65mv_Gl3aSkfxhRTMPnxtsg3c,86,Emman61,100,True,267,Nami,5,5008,5008,5002,54E9RfeYQR-YtHrBrFmBb1aSAr3mGUq8XPeu6cudQOpnhBqUB7PZf6_eJSJrlATlsp_XLOFf-TQ0Hw,21,4,E6Ouf33mjg9L7M_B7o6TRcRgRjvytbWBjPnAC6wGZOXcrXs,175,nyaní,100,True,9,FiddleSticks,6,5008,5008,5001,3QR94DyH__Gu3eB_4NrEhayJUzx3Ie-WfrEaz222jUaCYuOtS1-IFdJBfc4KNy10-o0p4HZTQ_xnFw,4,32,YIlNe6K7jHxxd1FY58m61xFcg3nxEoaxcyEmFG0rUtGOAzU,155,IcecreamFPV,200,False,122,Darius,7,5008,5008,5001,Ul0Ab4xiqk-eAMY9363Oa5PuASN_UN5hgBD5JaB85EhxmiM_HBXMkTdYn0AB146JRtLhjPuZiIo4MQ,6,4,f_yi0eaKCbkyhjjZFLJ4t368ser2FMStoBl5miaDA5BLtuY,177,Igneousak,200,False,555,Pyke,8,5008,5008,5003,GoeC3YxZY7BdvMtG-gURGftlIilhyxuu04fIZHnHP_R0bjFPydPXV7M8IFxqT3AKelVmB1mAP1Z5ug,4,6,25trugr77oUgbtcFdRF627tpGesblHGSRgP6X4cLPHnyQDs,50,Thoedgar,200,False,498,Xayah,9,5008,5002,5002,67NrmA7GgjScNfkcDcDeBr8McUHvI_sbuJz694vBQZHO5Pe8Dg1NbSH-mA1-i1gqn8hlRLdCf1Y4Lg,4,32,QE0uewdCYfJhfAr4NpAdFraE6AMnjL4Gm_XwYQiwgT32FW-C,658,DAREtoStayHigh,200,False,133,Quinn,10,5005,5008,5001,e5r_GgOFe9AqoSx9eIdV2317VGsorhOE2G5kIHzwoM_eZCVwxpT_mpFfeCrFaqw2RBsI2hL6yc490Q,4,32,-Vj9Olset7MpNAESb5VnPAKVmvoO_4QXFma-_6748h5LoG0,105,BR0M4CIA,200,False,8128,8126,8138,8135,8226,8237,8008,9111,9103,8014,8139,8135,8229,8226,8210,8236,8138,8105,8229,8226,8210,8237,8138,8106,8214,8226,8234,8237,8453,8473,8229,8226,8210,8236,8138,8105,8010,9111,9105,8014,8106,8139,9923,8143,8138,8106,8234,8226,8128,8139,8138,8135,8009,9104,8128,8143,8138,8135,9111,9103,NA1_4290159355,ARAM
57,Maokai,1,5005,5008,5002,i4HbZPaeHB-lY4DuKIJFNZJs3xm9TwuxhXxAm3pxCNmRIxVFlcs41eolYKGcBc952EUSf4W_vVMs6Q,4,32,qs2XgxZbKQGDEZB9R6moz4aH0WK8rb4CaxixCrfSi9u2bsk,146,BarneyRubble231,100,False,67,Vayne,2,5005,5008,5002,_fzoKE4DhNoPeEIg89ePmSrhWJbkwhbWA8hO_2rgIkaYpVP6BjNthlgu-b-WkGXdW1jXC7BjdQxnew,7,4,PA1KMT3wUbvuN3e1WbJ0BgXTCqUkeYduOchl-zaeJ2e-l08,188,Heavenly D,100,False,72,Skarner,3,5008,5008,5002,rG4jzphOShj0556aLf14wXgVnhsLk-Bu17JTLcIZQGQtjNPJXDsp7ghutPmsJCriGglBJu5uyCjKOA,4,32,fDI1zDIrp2Ve1AerOfzVbZj4tgywya-sELRI4ZZTRVuFWe8,447,VisualOneRay,100,False,63,Brand,4,5008,5002,5002,FWkp6JeWI1qH-dhJYeqDdiwZUydRGwnnEBROZi8TFDQYsKa8J0Ue6E0xpGFhv3g4rH19jfG3oe9mmQ,6,4,TL1NBkT4AKOrvqeVA8b6RR2WXeHFElVhulDvyrmXaoPPApY,289,TheYetisKing,100,False,876,Lillia,5,5005,5003,5002,8jzhGO9QS0CNHZ2M5H56LEceE78cZOskgbnjQjk0IeSoELORZdB54yprsgLlU4OkPCCnvxg32rCHsg,32,4,j6keuQj7smVWHWOhnDWis5rMhtnXBnNM9vB6THszItMF-TA,386,nihilscientiae,100,False,21,MissFortune,6,5005,5008,5002,N_Uxj0obfPEVjogxkxNTVIoIhF_-y7kiGmwqU2RlZhixduOy7YDytzTkGjWWKkJv0TE69DS_UVmmrA,1,4,gTlWT7I9s_yZcCG2JR5pOpNgrcoW2MurO8qLc6SYq3_28VhrQXan-vmcOA,69,2XP,200,True,54,Malphite,7,5008,5008,5002,fcrMDc7TSPtmEIrtICOTjdb70WyWMDBVJupDnKs-dluBblZU4-NgaE7kDrXWEUeDrGmEEcat4RwPKg,4,7,38KjZQJFe1So7dEyk9jzaXq-aXO16bsyIbZmLdgREE_KYtORJjHWYekOFQ,78,0utwit,200,True,80,Pantheon,8,5008,5008,5002,Hi5nKJ_1jdnjfeoq80WxO0E7ZP6yBNLzMbeOSMvAlGipa6R62T7gG4-C76jJpQSo9CXzxOKsUpqhKQ,4,6,YegEdR5zBL9BdPPSs3tAsTJXkBrOpf2to9wRDMONaCCQfc4,326,Toothless,200,True,43,Karma,9,5008,5008,5001,qtrjwc1K_Jilht51ttaEE7bP2Edi1OWkWV4E7MNbtguEjYyVWevNwQBhY8kYbnbdC3kR1iClX8993g,7,4,x8yiio414itB39uBnfrpUelzUpYU9P3ZEHzH2NdNrdM6OE0,135,saixx,200,True,429,Kalista,10,5005,5008,5002,0-m0ji1cNcUCuuyA96_TTJyI8ZVsealZirslzCaN9s8ZgDiog1MkvKxNvf2RDwSSQ8WAcx4ak9uSmQ,4,32,4YODEV2KyTVTW7X93SfxBov613ip7ehHzTaQlot_bhIVIPU,338,DynasteeX,200,True,8010,9111,9104,8299,8429,8242,8008,9111,9104,8014,8451,8429,8351,8304,8345,8410,8446,8473,8229,8226,8210,8237,8126,8138,8128,8139,8138,8106,8009,9105,8008,9111,9104,8017,8139,8135,8128,8143,8138,8106,8210,8236,8112,8139,8138,8105,9111,8014,8229,8226,8210,8236,8135,8139,9923,8143,8138,8135,8444,8453,NA1_4291391912,ARAM
238,Zed,1,5008,5008,5002,PqW4hnfF1TyiRuAYewO-cf_m6p_9EoiSKdIRvMDNqef34qB9M14x3MPh59W4PphTDzj1teYe_zjQkg,32,4,LdYILnjGM9aURoDpM5peUnYfgZP0JqtSzgSsSVRAGoX2dKs7L6AJ2xUbXA,43,xLord of Intx,100,True,201,Braum,2,5007,5002,5002,Zx8jck9m6xNaykVVMR73jxntoUtL7AHWMGSpQTTFrg0xbQ4pOkBUchkixOx4cb7M4yZzN4tW7-U0Og,4,32,3xSuc0yto6QxTub6Cvgx8ydF6z-nTPFLJzG43HeS4MRWf6g,496,TeemoDoesNothing,100,True,23,Tryndamere,3,5005,5008,5002,A-FeiopIRA0tOvrfRjqXrQ37OJmTP5Zt0MeAuaqF_GmWxLfVz_LiUMPVpqgevM0Kvezfh56zC6VQ5Q,4,32,xn95ZM-vZH_VIhQXo-MkdA0UtRplHrzmIi8RsHhEJ2TXmMg,122,ScopeWar,100,True,875,Sett,4,5005,5008,5002,Vd-XmFTRMEJvpurtIh3TFY-fLH2xm8Zr_aSB22O6KQGQrWuins8_OyAprNKRf7BBKhR0O4_nn3XJ1Q,32,4,GtIITPGlklXbnd5LfVWM5JTwTCOMnFpL5aN3NBzbt5MNOeE,339,The M3nt0r,100,True,76,Nidalee,5,5005,5008,5003,tnUQnnD1G1A22Q9EisNcE_pZs8zTU9kXr5nYFFMukgh-bcZ8etR4rZOakIysPR8-N8kSE9UZiQBw8A,32,4,rbu34Qd8oxk2CrqYCaV20K7HlPZUGtRd4npsq3pdjRsDwIE,162,Aithne Aire,100,True,236,Lucian,6,5008,5008,5002,4yTunelquRnxJuDaPizMa7A8SPXYKYuvxOVoKxLH47HrFdVGp3cN9HmTmDwx21TkdFQPEM98pd56lg,7,4,NL_MgfK-DClHvn5v7asdElhAyCCp8jioKTaZ2SCPxGIDEtA,212,AndruskiDPS,200,False,86,Garen,7,5005,5003,5002,YGVK004m0XL6KgrW7bZui0YArLn0DjTcAXW8aRfIDuODUPXgElaGYygF4R63LmJ61HxSdQbr520dJw,4,32,xUem-fp16s2pvHyez7e1FbSpX_EDwaNW4uI-6PDvTrzcfvw,179,BabyZach,200,False,25,Morgana,8,5008,5008,5002,4wV4e1hB0ji-IbPyn8VNMIM57MeGCecYOoska2IKW7pJbN4wa_MctOLwK2-e79kARCUV_CaIGWjw9Q,4,13,hByoe7vq3_k8zTccMDD_A2ghE16Zk14LKST9dHOYwmNmRWs,263,MaxControl,200,False,115,Ziggs,9,5008,5008,5002,aVM2psshBzaFq16aCWLyOefRotXHfPz4MC6UCca3wdLt6T8rMvazfrCjP4EFCb5CxQg3traRtRRC_A,4,21,ZylFtxWPtGh1gKSOtOH_7iRM6k3GitPizvQu3vyGpciuJlE,157,Sature Lurker,200,False,888,Renata,10,5007,5002,5001,v5LJF-qpVPNU7TVl9EaTwRq7oSVQhlrv24JGVxNpZ0taGmySZYFGG8PXpRREp6D5EMGE4Gm35BGeKg,4,32,jjWObovQw9EZUZ44SgmuVJE1Jv1wOerLtq0BFWoLmNC7hGI,133,PRJCTMARS,200,False,8112,8143,8138,8135,8014,8009,8465,8463,8444,8453,8106,8139,8010,9111,9104,8299,8473,8453,8010,9111,9105,8299,8444,8453,8229,8224,8233,8237,8138,8105,8214,8226,8210,8236,8009,8014,8021,9101,9105,8299,8321,8347,8229,8275,8233,8237,8345,8347,8128,8139,8138,8106,8009,8014,8437,8446,8429,8453,8410,8345,NA1_4290489586,ARAM
421,RekSai,1,5005,5008,5002,ALdxOl4wRN04rb7w-tSsN-gP3K-cYxuZ6juaaBIRuNXRI8UG-K4YrjtTKe63nf8hiDsURQ9PA8uy1g,32,4,_waNuu6SyNx4ahndI43nVhj1OvBtPSLfYRMAXmuRC_to0lE,213,ShipRek,100,True,20,Nunu,2,5005,5008,5002,VhQRQHOKkGdbQN3n9ixTAdoF43CBMnKN0xgJJgjleezLnZU-okrGsJbWDrXmLerdTk8gy3d2JV7LYA,32,4,MxRonRKcNGNeyPfVfsZBZ8GbIwQLXTV5SWSzTInDvUwBJD0,290,Litharien,100,True,99,Lux,3,5007,5002,5003,LRjZnG4Accpchvyvybe9v8HiLD0wVMQvzAesQDYE6_JaO2SzDOBdPWg7_6o6JZqO2Ddgkc9sCbHf9A,4,7,fLwk7cqg8Qd0FrvSD7qmqLnD9CKtc_W5ZTkgW0evrY6bmQ4,233,TarousSilver,100,True,22,Ashe,4,5005,5008,5002,eGuhAPLyQtCBeJXHSl5R5ibhhbKPvwtyOu8iUyBKVUkFC0D-781UhbEGInEJl02PJFpgt45aHJlL4Q,6,4,qoEl7yygKz6HHuSk1lIbGuim013O7kyuqmtPLDU3yg5yAvc,487,KhaStyx,100,True,86,Garen,5,5005,5008,5001,HkIRkIJDIoiOq69FfuE_zh19ucGsd7rU4z4DU_NSPRpc_hk8sKzOxsVa6bK85ZfHtC3M8zEQpsw9iw,14,4,Tk7csyR1kUX3l7Vpthw0U2BMz3PDV-TMvj2MmJeA5V6HynX7,268,IWillNotIllaoit,100,True,17,Teemo,6,5005,5008,5001,N9cqbpyq9M0PUNlhUjJ8V2vpiR_AVD4sKSIA2_QtG_2j5CFQLluufhHeywbusFAfe4xAaqP5NqQyhQ,4,13,0dj1v0YMgfrOrDnFiJBk_LDbrlz1pETq_ag9ScOz-xYhdF0,334,Tig Ole Bittys,200,False,143,Zyra,7,5007,5008,5003,g_A4rbBxy4ZyLOXGkfvBAfaFPxUvu9dTNroPblyShIlLISYRAksjKgkelTHFPmzps3y-xVgP26aDNw,3,4,EQX705GcEc6Lmo2YZ0egSlAboerRn67a8WjlyPeShAKEJnv2,71,I BOOST IN ARAM,200,False,55,Katarina,8,5008,5008,5002,ivqqr9AWcJJCaCeSNvucRP14bXl1kwhnNArqCdT4H5Kw0VVNCKlDnwL7rd4msEE32d2Rqw9NTIHU0A,4,32,nxwK8GAJuaLfOPHusVZH98hbb31TZwoca6H2ajP6uMIqpbmd,72,Luxor Pontifex,200,False,74,Heimerdinger,9,5008,5008,5001,gZ6kMsbZtCVlvSJLdTLqIMAPKEnrx5X74W3MSOeITozW3ImiOzzleXfE4fOV_PPwt53IITXe3p5dsw,4,7,i3qq9SgbG3oKmtVM2oxEMeOLKXbirL7X1bfEmZv4-GkMPl8,376,GATOR CAT,200,False,29,Twitch,10,5005,5008,5002,kDoflwk7JyoeTbkSgGQA1GiPT4381bUCS9ypZCuvk8-JBZJYyXBpmufUTIxdp1epacCO6BPDXjgm_w,21,4,00utSp7K7bLJdUfYmjeY5cqJdUAOZtElJl4wituvcoDg_G8u,245,NotStygius,200,False,9923,8126,8138,8135,9111,8014,8439,8463,8429,8451,8210,8236,8128,8126,8138,8134,9111,9104,8008,9111,9104,8017,8236,8234,8369,8304,8321,8410,9111,9105,8008,9111,9104,8014,8226,8210,8229,8226,8233,8237,8139,8138,8010,9111,9105,8299,8143,8135,8229,8226,8210,8236,8138,8105,8005,9111,9103,8014,8473,8242,NA1_4291735559,ARAM
101,Xerath,1,5008,5008,5003,kxuzZtzmPTkgX9dVKJpySj1RyFk9hap2N0j5Uo8xS0s5ukqDr3KC-KLFFHIsmcaHphexxPcJcDTbZg,4,3,whKQyElG9XPAxcjwZz_PxyYzFtlOHq1DEuVM22Ovf67z-lYa6WWchmCOTQ,152,Salloce,100,True,141,Kayn,2,5008,5008,5001,2JDlZd2Qs1CBAEo3m2yD3JHrwIR0YstGwmBnmPXUEb3mIs0s9VasLcuioQn83WqwWRM00e092nOmmg,4,32,wdFqcnTe2PVHSfrK-zyANuYivxWVerdrIjYr6EO36aa4a_P7bGusmA1vtg,141,Butaa17,100,True,63,Brand,3,5007,5008,5001,Czt7DmhAynwp21WuGCa_XCYv7_W953FEA_RK69qNpWXgeGL2Fcs0cOsVQ8w4GHZh8nrT1Zn8RXbNJg,4,13,YKdTKQCe6H-_C76H_2F6SrIC5RU1dnDNq1J2YjqMKpo7wmM,208,Ichigopafe,100,True,126,Jayce,4,5005,5003,5002,XHhX-AcEgeqmtXg86RsdKX6L25obi9eJZWTI09BKXjcqQHX6aYHkTIy5pwb97dVBwCFHWWPYZIAxqQ,4,32,Tk5XodoX1nGKTRPOkjgiZ6WU6jMPkz5Z6ElsJ6F_n24ggnw,312,02OW9SI29WXD,100,True,21,MissFortune,5,5005,5008,5002,tBUGT2_0_b5XcgK2CN02c4328s8fEcj9D4taYlwtxD7o_dTtjkw4RzEYHqCvHWp2iO-hz8A9oWt6ZQ,4,7,O6N7_wjX0zR3sa2QIgdiuaZx6PpJsMa9I4ZdWIdVMKCpuYoQ,122,Worfs Merry Men,100,True,25,Morgana,6,5008,5008,5002,zynp35d6QLNhsKhx36AqrQks14mo935wBO5dNX6mQuSQiyNB01EUS4pAGOOyi7TOidu9bmR6-yU-nw,4,3,SUbtHlU4oA6aD2_z4T9nB3Ig2REGOzp0B9U1a7VA1A3ls0k,134,Jimb0b0,200,False,202,Jhin,7,5008,5008,5002,wzJ1JUFmA953bjGv22L7FRyvsZrKggWw9F7R5PeRQ_XtlWFcwe24nL3_xkUTp9Gy6LycEJc20CNVGg,3,4,lEek-fUhXunOLOW-O2fdn4H9ikPxEVxqgSXkLV2SxMuCKGY,224,Solanaceous,200,False,267,Nami,8,5008,5008,5002,5nlGeizn0mRYeERTLN9uOsMFDH2RRLVrsWN0SMQGU8qcuUPKsjBANPdpPb2iGlu0cJ7w_k3o3A3e6g,3,4,1CjAWLh72d8-HF2NkJojAUym4n71mU7qq4ODOVzRR_ybK6rq,179,RaeRabbit,200,False,58,Renekton,9,5008,5002,5002,7p8w9Gs7AS11790BtGRZh1DYlFkdbh78m_VWnwK7n2GzmyNHTEFk9Yy1oUgOgU1Cay9LFTtr2Ztjew,14,32,vuhvfOSub4sVE6CL09TNei6lfq-KzI5DUg01zwcst5cpbHs,198,Sanelitefalcon,200,False,69,Cassiopeia,10,5007,5008,5001,24ofutKUQhk3haTZzXHozJd-e3tmyV1sYgLjOTjfG03PRqg-l2HWGc1YySF2dk9BdvuMOJ-L0AYbqg,4,13,8AyNdPrhny0PjfcBZKmGueAZWve4q5KvYysJe_Qqxx4Lmmo,114,Gattorri Hanzo,200,False,8229,8226,8233,8236,8126,8138,8010,9111,9105,8299,8139,8135,8214,8226,8210,8237,8138,8106,8128,8143,8138,8135,9111,8017,8128,8126,8138,8106,8009,9104,8128,8126,8138,8106,8009,8014,8128,8139,8138,8135,8009,8014,8214,8226,8210,8237,8009,8014,8010,9111,9105,8299,8139,8135,8229,8226,8210,8236,8126,8106,NA1_4291409054,ARAM
101,Xerath,1,5008,5008,5002,DPxYBQ-jofSU5Rd0EOM5PyJIcUgJFsgFohR-QVDJ2NhCLgYcxX9WDiCYLomCK9ucLtrrseCI1F0uWQ,4,13,caADwJPTHSrQDuZRRkmJkIfIY3HfDcZrcSRWMbCxustQ-GM,206,GearHead96,100,True,421,RekSai,2,5005,5008,5002,bEDmPpP1IAkOIbIv353rDPjD-FbFSxsMbiFGnqZYtsI9lc2soiwAaqBqp9Dk2W91rKUoz5c1EQTFTg,4,32,FMwsM632fn2zpOMOwSNUoElfBasaMehMIWbCQvX2ydnKdwQh,245,DFXLuna,100,True,202,Jhin,3,5008,5008,5002,AamjyZuIMB7KfZqKeSHq60vCvieEo5Hmm2X-GjQ1Db2WvHtvxNCC4YtnsnRH9GM9LNMMQ-L9DM5EfA,7,4,tw81sq7C6LDBIMZriUGhu21nZHQ5UWkb0FryrLDwDMnzvrE,180,Bobannan,100,True,37,Sona,4,5008,5008,5002,J3b2m8VMIgq2qgxr_F4gJIMUNZLverzPWtBBMmiNJy9yual9Qh2MLj6xtWtD7ct0jtls7MxTwVaIbg,13,4,y8AsZjEEGOfM7VhCwJqEe855mmNeJNH3y3xNixO_A7cW6jI,173,AmogusSussy,100,True,75,Nasus,5,5008,5002,5001,N7FlMhgsaGRO3Bn0QT8-LYGmdGuC1Sd6-jwAeDIm5onf0_tb8W1vFx8iyH2Rc016OvG2lomThASL4g,4,32,qR1hO3cxkQjwlLK8Q1V1irsa7uvLDPfM6wVgze7MR_RAd4k,189,stanthesimp,100,True,22,Ashe,6,5005,5008,5003,LWt-WUnYyHaMQH7_1IZuVAu25eHYRpcrWOLGp-zNi5ZKx3MerHBJbwrKAi4rXLftTagE4Fp1v96-uA,6,21,TwlB-rqEbAOr5A6wrGV4KKunhNb1U7hfWEjnKoGCwYr3ai0,100,Acurv,200,False,23,Tryndamere,7,5005,5008,5002,n1XAwrE-9v3Oh-KF96pz9z7bHaFl-mIo1Iw6P5bt-LhHKUPJKWpdi_qwzuoIr5ZNNl0bYWId3VAkGw,7,32,fDPbUILVEDdyQOifZeRKNrJmeH9k6kvJmeEKJYLjXceK4lQ,216,uncleiceburg,200,False,110,Varus,8,5008,5008,5002,cs4hRXClitw2PDbyd7Ozej7lWma0RK_XJcWT2mP_VXzzeCy8Vv-4DW9lTlFJZjvw5LQHo8PW6dkB-Q,4,1,ylYWyVPMuxNoi0ollhMpw_6IU5XcZl23x6cmnJThHcobww7e,102,WizzoGomex,200,False,115,Ziggs,9,5007,5008,5001,VOxOZqDiLtzNKuYfp8PsZguOK1SsdH1Z263MD81DqyR6ef3WsQ-L5zi0OrgdL329Z1XcNfzu1syYbw,13,4,o3zBEYAABMPzzu56n9sQYcsXRwvOdYa6X9l9-7qpggdFZkY,318,Biddlestix,200,False,31,Chogath,10,5007,5008,5002,eRKPEgSeeimGG7fQe01orXXTSrkV_1OFQQk9XGB1kn1XmAtbp3H4KxsdS81EsvwAbSs7QMX3eYMp_Q,4,32,hi_hrf8vSbF2c7G9_ukB0jM5IvbKKcLMtehQzlr6LzwFHm42,364,AStennis,200,False,8229,8226,8210,8236,8138,8106,8010,9111,9105,8014,8143,8135,8128,8139,8138,8135,8009,9103,8214,8226,8210,8237,8009,8014,8437,8446,8473,8453,8234,8224,8008,9111,9104,8299,8106,8126,8008,9111,9104,8299,8143,8106,8128,8139,8138,8135,8009,8014,8128,8139,8138,8106,8210,8236,8439,8463,8473,8451,8126,8106,NA1_4291818193,ARAM
110,Varus,1,5008,5008,5002,IQ9widb-byiy6zNNfKDt4lrVZVIYjPg6j91ExMXOqkp813uJoRqU49DkB5XEXShKN_0dBRkudy5u5g,7,4,LWXNt_WrRyiebmp8pctarQOUL5P_MuHmQ1OJ1jzJmozgZwI,145,0O0OO0oo0OO00o00,100,True,85,Kennen,2,5008,5008,5002,viRcYZwv2bi2oOLFHcwQrHX69h7evdRojPNRUqbjAzGhADClJeXoS53C4woAtjD8xsptgJI3WHzcwg,4,32,Mbg4pSZEOPa9Qqk4k399AMuy8FgmEH9yEUsl7YwDrlMHrUM,381,Emperor David,100,True,15,Sivir,3,5005,5008,5002,gakAxrh8RsY8aVFOwSf0iiKellP_vfZCeweCmQb4HNT-_r31S6tr5g802V4jrKZRszLr0UmR0yt1OQ,4,7,Wupg7rOJjwsSqDaQyyt-qOkW3lMqR7pyRHTiv7h-WEQ4wno,245,Tinjesus,100,True,30,Karthus,4,5008,5008,5001,dqEpwa3qz-FKE6kfUzOxXD-RwgzT4KWXHLPkdto_5CzvBp57DcykEWhVKtZg1rwxAZvA7D3nsQhHxg,7,4,nmMnar2n_uQ21P3bj-XT5ZHitqePDGIgqySG7vhqQTN-xz8,69,Kilo Zee,100,True,432,Bard,5,5005,5008,5002,cS60B-GAxj7Z_td-FW3oscV3xM81pW9yQu5Q6A6QV1zKQfMib1-vCXQ8wq08Il26o1fv49uW28Jr2g,7,4,ETAVbHcv4g0ZecCrLfMoHxFgPrg7WR1FXazp5HP_t4DBpwdPe5MC4diJsQ,187,jesseylove,100,True,9,FiddleSticks,6,5008,5003,5002,pp7aRIQwPD5ClSuv-f03XwYXVXZjsm-qDGdG7iXoagTg9eGkEaePRgiaPyknj1bocNgA646LZEAUtg,4,21,lxypi9j2HZqWi_PKkp05XR7tDL-mGzRCV1-fXq7mkE2--wM,175,Rindinal,200,False,104,Graves,7,5005,5008,5001,sKJSUiIvqRjVlfKumCLU4zuU0pNKBUK03v0aAbIgaNHSb8ZrR6hNYN1-8pPRB86IdAru4ITVES2FIA,4,32,Isx5WrjewJ6As2oznpyi75xWARMHdLzu4-LzEwX2JCPstCmJ6hK_af193g,76,Our Wrenally,200,False,145,Kaisa,8,5007,5003,5003,AGkJQQ9mAYDmVNF7-NcqfWqxdvodmZhT2eggHI_ED6MHQaM-3AI4Do5CoOetplz-hl7t5yAdKq7aoA,32,4,YO5gEnHGkbMu401Rbdc_8ZVRVsjBMQCplRG0KUlndAxVi-c,283,Skeete Davidson,200,False,117,Lulu,9,5007,5008,5001,yOFpuguHYEq4fZQdrM2QnIPTB7gnYMHedPAglKHv-efdzko9oWuorwc9vSV4aQo4SBVZdOCazrk-EA,4,3,-fgjxdBU9jDZcvrhKW0yKcG5IL6frygRuIIeKX6IvT1LW6g,440,BandAidBrand,200,False,43,Karma,10,5007,5003,5001,Czt7DmhAynwp21WuGCa_XCYv7_W953FEA_RK69qNpWXgeGL2Fcs0cOsVQ8w4GHZh8nrT1Zn8RXbNJg,4,32,YKdTKQCe6H-_C76H_2F6SrIC5RU1dnDNq1J2YjqMKpo7wmM,208,Ichigopafe,200,False,8128,8126,8138,8135,9111,8014,8112,8139,8138,8106,8234,8236,8128,8139,8138,8135,8226,8210,8128,8126,8138,8106,8009,8299,8112,8139,8138,8135,9111,8014,8128,8143,8138,8106,8316,8313,8128,8139,8138,8135,8014,8009,8128,8139,8138,8135,8014,9111,8214,8226,8210,8236,8009,8014,8437,8446,8444,8451,9105,8009,NA1_4289000148,ARAM
4,TwistedFate,1,5007,5008,5002,hxGW6_gy-6PbGhleKwqVWZRVR9YVfygzPD26WevHd8u0-xvCYu9cw0nwrAmkIdmjMcXkU8VVGCXvjA,7,4,0V_ng2-mvJyAdkKrQLUlfHFOtEEtHFi2kHn5tjVNlQNVOMk,369,Rinya,100,False,777,Yone,2,5005,5008,5003,syn4IpnOayWXVVZZoVtEP_VArs99wGELU4k1KdaS1pQ9Czuj8zRYBBckARhccW5Ilns3GEj8s1ZDIg,32,4,6_LGXKJEJJPUAEkNXB1X2uViDlvg72iB4ap49nWzR0rIgOM,414,parth38,100,False,876,Lillia,3,5008,5008,5002,_iBoVZA5cWFcNydJ0dKbRPrFfF7-PzxUoAEw3Q_A746yX-NtpbZhtZB91uzoV_m-eQnxsLu3yfaGig,6,4,4OkGPiTf1a40EpdXS9eJzsDyKojlVSmu-gJAjEiSvNfGJ_Y,145,parth36,100,False,64,LeeSin,4,5005,5008,5003,QEzTysxojdQ0bLZzIzDQiPwjoq6mzqVs4DLezlYS2jt4ueicCp_7ZTi2RU5dJzn5R7RJ7rAJx9GeDw,4,14,tEd6PjDP3Bx4WWYij9wYegjlT9IggKBxGGH12tvZsoldaDs,319,BlueMellow,100,False,516,Ornn,5,5007,5002,5003,eILVk6w1H0Pt1mhxtVpzeYNBp9hQ8xnQ6WjwnWfHWTvj6bmxUMQmImW3XVE_D69belfRd4YzJqmSnA,4,32,EZFPzle9UVrWxaOgNFX9GIVDTJ40xE3XYam1Y_NIb0AS6hM,132,LegendOfMyFuture,100,False,143,Zyra,6,5008,5008,5002,EOWCJIc1oj7nOdRBR-nuXdQ_OYU_wWa5Clio-dzvuqkqGNek3gLV3-tfp3KabmS-MDZ77ZYu6AyM_w,4,32,A5zZ0eYqcUUjnIBYBjhIGvaAe16-i_ekckaKPpJMtcVzhT8,224,SpectreRyzen,200,True,29,Twitch,7,5005,5008,5002,fy1GyAmoRwJW2qfxxeplgDI3RolO0BPAVGx13nQvfxYorUKoWxpAZgTwflG12SlctFnpq9nZlNDNJA,4,21,OyyjH0OLustnDSTCZSkrJ7PQoX0LXb0IA2cALQGx0k5WvJRNUSDBv5Ka3Q,140,TaiBeen,200,True,141,Kayn,8,5007,5003,5002,-iuQyPMuQMSZ8CIY6vpXUZs8-M1bIQCRy9Y4ObHX_tWqjoYNnqU0l_1ChA2X9J3CdD-HcyQoJz15Fw,6,21,ej-V_yB91L_GPTIwNoh-gj7-jYVoXIXZh4u4C0SsOYa9K-Gh,181,frshrthanfebreze,200,True,74,Heimerdinger,9,5008,5008,5001,9WHQda5KEv86XXriutqfZoxDHBA3xP38lgvmiC6AKR2gGaMp1wRZM146jXFIIXAckZjPjeRUMUDA0w,7,4,uxCEjC82apP6y7MwOnGgKX4gWX2vsnkae9yTrC8Cs6Igk9if,87,RainbowTrashl,200,True,84,Akali,10,5008,5008,5002,Sj0LJxA9ueuHUlK0k5KAB19hk507PI2c_POEZaTkzHOAjemTQq6u0Q_WCUk4Lv9B7VvdYWDBx1ycQw,4,32,She6c9goAzC9O-PssorfCVOgfJU3HVNcC9osBDHKQobUl_M,148,MalcolmSolo,200,True,8128,8126,8138,8106,8014,8009,8008,9111,9103,8014,8444,8453,8230,8275,8234,8236,8126,8106,8010,8009,9105,8014,8139,8135,8439,8463,8429,8451,9111,9105,8128,8126,8138,8135,8226,8237,8008,9111,9104,8014,8138,8139,8128,8143,8138,8106,8275,8210,8229,8226,8210,8236,8138,8105,8010,8009,9105,8014,8143,8135,NA1_4290198258,ARAM
360,Samira,1,5005,5008,5002,9RWppRm2Dw9wLExIBuw9UW0CVAUDN6DOvea7o62JZveKAtRD_nR3ygdas60Mtrl_x5GWrz-HF_jcog,4,14,L77Q3_asbxXJHOFydXK0uVLwl5B1DUV6LKIZJVExe3EBR5M,185,Tuff Gui,100,False,10,Kayle,2,5005,5002,5003,LRjZnG4Accpchvyvybe9v8HiLD0wVMQvzAesQDYE6_JaO2SzDOBdPWg7_6o6JZqO2Ddgkc9sCbHf9A,4,7,fLwk7cqg8Qd0FrvSD7qmqLnD9CKtc_W5ZTkgW0evrY6bmQ4,232,TarousSilver,100,False,421,RekSai,3,5005,5008,5002,ALdxOl4wRN04rb7w-tSsN-gP3K-cYxuZ6juaaBIRuNXRI8UG-K4YrjtTKe63nf8hiDsURQ9PA8uy1g,32,4,_waNuu6SyNx4ahndI43nVhj1OvBtPSLfYRMAXmuRC_to0lE,212,ShipRek,100,False,498,Xayah,4,5005,5008,5002,Gdd6cGrmE1bkxZgQun6aZDYWSDyDFQMwW9eXbeiiq2c84pA7ixIXLgMj5E4s-5nMtwOGbKxW1550nA,32,4,oOCwTsuIzQdTnCXLtiYPhPoZk4pfGxhwtUjpOHZfgy_J-aN4,250,DooblusDooizfour,100,False,427,Ivern,5,5008,5008,5002,eGuhAPLyQtCBeJXHSl5R5ibhhbKPvwtyOu8iUyBKVUkFC0D-781UhbEGInEJl02PJFpgt45aHJlL4Q,6,4,qoEl7yygKz6HHuSk1lIbGuim013O7kyuqmtPLDU3yg5yAvc,487,KhaStyx,100,False,711,Vex,6,5005,5008,5001,UsHYK1NQjjGjUPiM4jZBWQavEierjYZgCFXswj-sQi6ALlNHyeFfltcqaHZ4VNHsq2yb-luqVoS4QQ,4,7,LqbX8PTPSW72IRaxFwOWz6SSPFa60H1FQsiuX3RPQP2xYsAQZyeIBZX2ZA,180,Mi2hael,200,True,57,Maokai,7,5005,5008,5002,urj5l2ie-MU_24nblW9MIQelHDZpY1H9s_gJFBi9_TWXFcKV39KNUf1n56J_t5U_EB73xzCH2LR5nw,4,32,Y34DRcb68Qw79HgLEf1DvytFZUVmMvXxF7czK3okEbZ5rRo,227,LowKeyTully,200,True,8,Vladimir,8,5007,5008,5002,al7TiMH5zOttXEF4wrMSODsjB1Z-W3tFiWV7B1YIp_vmR1qHRPx0jGEZBNFSLp2u7pT9HwXhse7BCQ,32,4,lre8vriZvWh5q-UPnB9U1uU5BJyTIMXFxtUz8FjwPKi_N71T,263,Water Sign,200,True,55,Katarina,9,5007,5008,5001,KAyogv9ABoH15pBj9uZMrE6mmIg2BG5PKsMsojQcsIM07ZHgI3IqnRnD1xe7P2NKY5iUkjZeCuIGOQ,4,32,n-ZvrvxqtdUTRfGUY-mWzNzsXCYxuV5Ws2E6dGC07cW24j3kA3yWhDu6NQ,160,CryoMaelstrom,200,True,106,Volibear,10,5005,5002,5001,213a4f7V0WqqxINs-XLLsOCkfrK6EO2V_q8oYv6gKvI2Ketgme6sgmMgjUiiWVbKt9vw_HM23JRKtw,4,6,JT-MtbcMH2YMGLdgPj5u-402KJgK8r5GZ4rhkddLoO6y_VG-Txm7b116zQ,171,BalrogQc,200,True,8010,9111,9103,8299,8139,8135,8437,8446,8429,8451,8009,9104,9923,8126,8138,8135,9111,8014,8008,9111,9104,8014,8139,8106,8437,8446,8429,8453,8236,8226,8005,9111,9105,8299,8429,8242,8112,8143,8138,8106,8226,8237,8128,8139,8138,8135,8210,8236,8010,9111,9105,8299,8138,8143,8008,9111,9104,8299,8446,8451,NA1_4291420468,ARAM
10,Kayle,1,5005,5008,5002,zuzxQdq4s83sn-dJ6QhuCo4DPeSm_zAtPTg9WQ3NhR85XiEY2Gt8DYDt-t2U_N61xFjC8XlQi0Oa9g,4,6,6W736BwfbDZzCXa7BQfYdQyyEAt8YJjwXp1VBxPAblKTVYQ,140,Sniper434,100,True,25,Morgana,2,5008,5008,5001,H9nLvnBVIwabGZp8uSB6bODN137RVcHgUX89sZ4SnOAxtju9Il9iP-g9PQF-EDcmFsCG45hHsjEKtQ,32,4,hs6frBz6-o5V9QWDmJHzj_NY3BQQp135DJMxfB3ldVf6KRA,372,SoulSpiritSupp,100,True,238,Zed,3,5008,5008,5003,4DWki6MYZYcrqTuFZEVDEgEGNZAvMEBxACVTOXBSiJhn4ULeiVeTB9tt-jJ8XIeVmc6VSkNtpS-oEg,32,4,cXku0_JLlgk4xLQsH7ERaFxzoEHcQwIjakgcf5ezyWCg3Z4,335,GoOgLe1,100,True,111,Nautilus,4,5005,5003,5001,Czt7DmhAynwp21WuGCa_XCYv7_W953FEA_RK69qNpWXgeGL2Fcs0cOsVQ8w4GHZh8nrT1Zn8RXbNJg,4,32,YKdTKQCe6H-_C76H_2F6SrIC5RU1dnDNq1J2YjqMKpo7wmM,208,Ichigopafe,100,True,221,Zeri,5,5005,5008,5002,UzHtZXk2TGUlP0nxc9i7adYG3N7LlEYIXORL7ZSzvg8Q6idu2BT3sQCk1PcU6ClYa3GXFSSeYT2n_A,4,6,mPKxIWhXrOt6OH0tJINHSLuqwmXfhwx_rjBEANuznbWOsdY,255,Omanty,100,True,64,LeeSin,6,5008,5008,5001,n2iVQoEIONJnuYN73v97KUxjl5nl66Fl1T2MkGPTDhx_FtBWV11XaTELPBPqKthgqWp-BRZgyiqEIw,32,4,3Mc9DjZwSx6WZJUahcH_7_W66obLt6KogF5kWfh14HNQryk,147,echo22104,200,False,161,Velkoz,7,5008,5008,5001,RQn4vn1VMmAv1Tjcy46F8gG3fckOHmjdVlHFMS1l0ofC0K9iVNecbZG1gn9IfDKy3kGZgYV8964Ijg,4,7,htsdPCBPJfomQzLySoHfpqBlhjK8wfBVusX-ujh1lBrXlvQ,180,Posi Vibes Only,200,False,523,Aphelios,8,5005,5008,5002,B0bhcNav8nzFnjyUgr6M_VAizlNHqoxpIntoqu7yHPtQGeWK7E6m_L06fM3QZWNrEWtva8zeT995og,32,6,cxtI3ujQsGjeg0uDWODnfTb3kPYNGdIhvJneZDm9Hn0rfHA,289,JustTheTip,200,False,34,Anivia,9,5007,5008,5003,JkY8fHbxQ5R_OU98BQClMhsKnSFh3aynDFiNdp417UhwoIFBeLTzplLf7x4P7c7caAsF8XrNg7SBSg,4,7,TunMMnpTr2fJs8vO-VEDxpld5yKnrI5_DNUaN49kWOjN-DI,91,DYLANTHEGREAT12,200,False,67,Vayne,10,5005,5008,5003,v0KtA8rPY8cS0qj0uHKRNE7Fg7dWakowxCQ3mPmOjP31MvFOiWtDShmcSsrxL05ywcpZoQKQ-hFXrg,7,4,OVAu1k4aVUDIn7bBSAqYsirda9nBiaFpUQmei7l8GaKAXHU,358,nbkforever,200,False,8008,9111,9104,8014,8139,8135,8351,8313,8345,8347,8226,8236,8112,8143,8138,8106,8237,8275,8439,8446,8444,8451,9105,8009,8008,8009,9103,8014,8139,8135,8128,8143,8138,8106,8014,9105,8128,8126,8138,8135,8009,8017,8008,9111,9104,8014,8233,8236,8128,8126,8138,8135,8009,8014,8008,9111,9103,8299,8138,8135,NA1_4291370364,ARAM
92,Riven,1,5008,5008,5002,R2A5yG00i2x-OCPvWHJ47jhZAzgWMj5eA7IacyY9pOfTLmL5_h6_vPnPiQRNdUE0_10JCgirmey17A,32,4,G-A__lOwA-eF5OysfVxrYtWKW45PB_Zx1fEtqZCjpNx7PqE,101,KulockaDaWookie,100,False,101,Xerath,2,5008,5008,5002,QISQGAPSquQQXI-7u0bt2EUhC5sV0EVyT_RYgG7ZgY6US3p6THoIUPmg68mVSg7quDKbvRxNASu5ow,4,13,5v2df2rU-BYePrVR_QLHk5DKdP9RrtUd6K6aWrUzj4mbXvM,117,WhatTheCome,100,False,121,Khazix,3,5008,5008,5002,IeFIs44gv61lV4z24Zns6OuANB9ytV1gTUrqRzbRKDXhzfycGEUcUfzHtZNEnaGTTl6_FfYWG9xilQ,32,4,BZiXneCj7Hbk_jMSdjdxtdCZuu5t23NVjTRobjOjZ7zAs-hr,144,TDSK22,100,False,555,Pyke,4,5005,5008,5001,bQLOJYggKfbNd8oHbd1ZVexqsL7jw4phZHA0I9yk_Dee9TRg3R6XHLin6kZ4A97Nluc0NHJ2aRdfPA,4,32,bKI7m8b62WopgO-8yo8rO6FhiWSmmHad-YX0P8TfMUYCVUVFlhxFEDET8Q,53,Mackmelia,100,False,222,Jinx,5,5005,5008,5002,tt02vE3xPnYkwBU_uVVy8ZFXb8rQWsLybc23IE_iLhOKRRKYwoLmgAfOghm4rZ_ngx7RLmpHX00CcQ,4,1,RyZDRv_P26-kGjQLQ0gE9gqoOs0jJ1N8lhN25gjxKSmJ5Lw,125,bheissim,100,False,117,Lulu,6,5005,5008,5002,0ukA-QplbVaOlzTgnkWNVlQqpctxrpdbRCLIVmGZxsGYImAk6N1XRf5wJhi9TSnK8CDJVsROYR4P_Q,4,32,zeq61N4Hdzb3v8pdd6M-80SHIHU23_MBDx3RwOyaXbxNotuV,288,Wheres Dad,200,True,875,Sett,7,5005,5008,5002,tlOXeh7RiaqkqeDyLkuOK4GoGmj-VairllqIaSRt0gLPBhJAP7Y12tV78tTZFrE_KR1VcnS2UkhPuA,4,32,867HpF2EDjj0Stp664CqSka8kohFVvBzUrs6QjdTStNlRoE,381,Lucifer Teemo,200,True,104,Graves,8,5005,5008,5002,zGtLlaq-jbrku2r6NQONb37-9jeK6DfiTqa4WH76NNHZTnfpca1bqx2p3QfGgdz-D-rBdh1X8M_V3g,13,4,edu1kVXTeq8XV27reS9HtYY76yEjalARnUwE1cKMmH41z5Y,648,AK Aurelien,200,True,57,Maokai,9,5007,5003,5002,8XV2TRSxSlDvB7l-6C0L4a-ouF2ahM2em6_Z0m1tSchF6_bOofBzjOzQHmbqmyBDPj7jSDzFS7vMyg,32,6,80itEmACPf77-ZTYDqkha7APM02uE6SlOFMcB2I3h-w5uA4,93,SaintSillyRabbit,200,True,163,Taliyah,10,5008,5008,5002,N_Uxj0obfPEVjogxkxNTVIoIhF_-y7kiGmwqU2RlZhixduOy7YDytzTkGjWWKkJv0TE69DS_UVmmrA,1,4,gTlWT7I9s_yZcCG2JR5pOpNgrcoW2MurO8qLc6SYq3_28VhrQXan-vmcOA,69,2XP,200,True,8010,9111,9105,8299,8139,8135,8128,8126,8138,8135,8237,8210,8112,8143,8138,8106,8014,8009,8005,9111,9104,8014,8233,8236,8008,8009,9103,8014,8139,8134,8008,8009,9104,8014,8210,8237,8010,9111,9105,8299,8444,8453,8005,8009,9104,8014,8143,8106,8439,8463,8429,8451,8234,8236,8010,9111,9104,8017,8210,8237,NA1_4291308283,ARAM
80,Pantheon,1,5008,5003,5002,cT9nNpw9r4chE8fmUyUcqSMc_rtuC5Plzet6Gef1xe_lWo2UsJ_L7DAJkGycvOiuBYo3WZbNDJD-Lg,4,32,6DVbl3zXqw83miwC_HuexRxNwNVcBzZxg9fO-vO8dxmhwOk,229,Rijen,100,True,113,Sejuani,2,5007,5003,5002,1FGmGqMh0LeVHihfcokej0cuHqJ2Ufhh3MyCSM81DEthtoyFq9bAaYFiPtavSm3xi0HEr6YT-eEiXQ,4,32,4qcT1DEzoU-ZF_4EOlzO68lxIMxJW2wuk7tUrcwZTbHbfLo,564,PancakeMafiaBLM,100,True,133,Quinn,3,5008,5008,5001,PDdVlSghkMtgqN4TXPd9YHwXpzSYpy7Lo1LEe2rNw5MV8V6oNPTQ2Tle78-9ZpYJgrA1FbPGGyt5UA,4,7,HriS2qhdRgTwWl-IPezouLXXegspQ-LCqMqiRLgl-sTOKTO9,67,jjvaughn,100,True,161,Velkoz,4,5008,5008,5002,FmZtNfiIHupHDXZw8HengEU4LMYVb2Mxj0XP8pT_YfsfFohLyPLLV0iYVFgtppadlLc0Brx4A3YQIQ,4,32,n0x1mmau-HiGh0uswqrcg6b5Xs_hVNCCwZdZC5a2E7VkbUWpDSIIXThE6A,44,TranceAddict21,100,True,26,Zilean,5,5005,5002,5001,lR4cj0CIqhAV3EnB6OeXpFM0ZXW4QmtoBJ0f5JTzh3Emf8ScOLPLPoS535VSf62jFQrgmsnYfWmUxQ,32,4,TGiIKHsF59Bp4V-X_Jlv7nJo7MJvAWESpONlTVsC2mnATEQ,255,kittyitcher,100,True,555,Pyke,6,5008,5008,5001,A4XKZA2beG-pVwbxiaAro82MS53vrMmmF608rY2onCyXoHYceaIjEE-5NAvaDKmd15gEw_sAjuNo-w,4,14,Yc8SRLx2ijM5A5TRZKpkGQyOG2-ekz3iCwZA7hFnPsiwh1BY,164,Pooopy,200,False,10,Kayle,7,5005,5008,5001,Hi5nKJ_1jdnjfeoq80WxO0E7ZP6yBNLzMbeOSMvAlGipa6R62T7gG4-C76jJpQSo9CXzxOKsUpqhKQ,4,3,YegEdR5zBL9BdPPSs3tAsTJXkBrOpf2to9wRDMONaCCQfc4,325,Toothless,200,False,268,Azir,8,5007,5003,5001,_lv23YBL2m9dstcL1Eod78IVUMjTCQo_V5inYMvkI_MwK3y3E7ETgMqqqXHd_SBDkz9y2EHke51c-w,32,4,xfk12s_wB18_uVLwNwbdZuEMLitpxMlJmwdrs6--AWKr7Ls,230,Clap Your Clams,200,False,43,Karma,9,5008,5008,5001,KXrvcTVBEU4-y3t4YUSLEvYYw7iyFTyhGu8UzLDPdkU59gPpquGahJR60z4Emrf5x94CP05yQ7fkvw,14,4,SkB8zL2cRbk6yjY3yGAiqPJfwL0CVe8j_z500okcIxnQfcA,403,Orlon Medroz,200,False,69,Cassiopeia,10,5008,5008,5001,X5Hc1k89ZZgOsT3QocR-Wiy_lEmUMehWBopjo8UF_v1XZ4HjmBYlDdU8u6IkhUWCJa1FOV3tHCbr2g,4,6,GBxBVzBnwDzmyZcN5yU8Xzb8nOJ1H_6LVzosJfHgjB4oFwE,439,KaTárantula,200,False,8128,8139,8138,8135,9111,8014,8437,8463,8473,8242,9111,9105,8005,9101,9103,8017,8139,8138,8128,8126,8138,8106,8226,8210,8128,8143,8138,8134,8226,8237,8128,8139,8138,8135,8237,8233,8005,9111,9104,8014,8139,8105,8439,8463,8429,8451,8009,9105,8439,8401,8429,8453,9104,8014,8010,8009,9105,8299,8139,8106,NA1_4291198977,ARAM
62,MonkeyKing,1,5007,5002,5003,PUgIJI8etdYj_6WSgFXO3Gjqf2xHrSItQ_NBbYvUYjS50MhEqDQuvPKBFkvUXORlJfDH9DBloihpbw,32,4,cxKpNqm0TOleG7K5JrYA94CD-Tux4UrIuD4A39SuoA2Hcyk,119,Uzieloki,100,False,90,Malzahar,2,5007,5008,5003,6t8sKj-M3CNDfYspktE9iSiXtHxq0JjiLCWM7a7oomBbQ1IB6oVTLTwYbc-_p3yHGEYQJx9p2luyLQ,3,4,xrT3p6GwKOlvhKrjdxa9ldalJ8LLneA1NBXsh2ovjH-Kq2Yvw77tPu82CA,68,SUP KING OF JHU,100,False,25,Morgana,3,5007,5008,5003,OryyfYlnb7ovibBljh3ZmuWoyvq3l23Odes_AI680xFAbJdP-FFE5tpVY4We6eZShqEC9UTd6zieWw,3,4,pxHtW7dsXtQHr0sNHVNYpvE6o9sox74jpXP7ylDRX2Pl7kCfdLbnX4cIGA,76,Wally23JayZel,100,False,36,DrMundo,4,5008,5002,5001,Jdeyxx0dbxtF_6XRMz2t3OK2sZDnfbX0D1NL7_B_5VnDWO7Qr7ysju_fpC7VLWjrdr2zPd8fTUAy-Q,4,32,j6o5H4AigadH1uVz89Mm34hcA7IK1PjvBO5JmXN_4VqV5fk,181,MathFa,100,False,24,Jax,5,5005,5008,5002,A-Mf0JXX9z78dNQnmZD2At-q8YrxRuS_jGdHSMLWdqzl5Feo_RTmpP7qrzPWHmV_gMLvC58hjgCtRA,4,32,n7Sb2QNKEhuoIbndnMKtPcYgpaYxDI0Y6208lR9LQsR9878,216,W Y B H 1,100,False,126,Jayce,6,5008,5008,5001,cHIgPMmVHLDTvb5ecXiaGGDA2Jcy714h4zJ89GYLCXQdKBptznRzD6mBLIcy4TCcRDOGkxwfLk9KRw,4,7,Cv3RraD4bciWi3hD4bj8m2XD-qDr42mLTxcrPNxKYLo3UCc,189,louisck212121,200,True,69,Cassiopeia,7,5008,5008,5001,wortksBKXwPloVba82frNtn5ZNEHgALhJAKiAdrhVa0_7rvNgu6MWJmk3B7ZbbBiMdYDY09dRW8wqQ,14,4,1J5lOF8Bune3GJoXjT0cMIhqd8T807FN18lkm_hE5uYDIvE,69,Jelly ftw,200,True,266,Aatrox,8,5008,5008,5002,vnQho0UF1zjVBhjOkAMHYvQwLGTzRJ6cBRkROUq3Kx7dF0huTlIsoYdjG4BUOu9BrZXRdZHG2c0thA,4,6,V4WJPBb-csdkYQBNTk8D5VAS04fmO84zLHJOBXRkOFEEAQM,340,Zeratul24,200,True,222,Jinx,9,5005,5008,5002,tqLSzE-XT2N7NziLNAA9I12MWjjat0gUkfohv-npl-s4WusBHxyv8V-zlchcLb3MgBES-5_SkfDVPg,7,4,yKZLpybQzMi4ZtBBA6PGNPX1iIvrKDIg8YqYOaTPq6DseA0,377,JinxTopTierWaifu,200,True,555,Pyke,10,5008,5008,5003,vrD97KZ_kRO0dmr6NBije-_ZPSpDKeHdJ9EivliJyq-tulh_q67Tt8zmak6EaIUVyUgv9P4Nwg7_bw,4,32,ZXNP9E-xDNSSAIicUx2Alt1aDRbsbzY3Yfv_5FzyqdY2r6I,319,kumbhacarnitas,200,True,8128,8143,8138,8135,9111,8014,8229,8275,8234,8237,8138,8106,8128,8139,8138,8105,8210,8237,8437,8446,8444,8451,8224,8237,8010,9111,9105,8299,8139,8135,8229,8226,8210,8237,8444,8453,8229,8226,8210,8236,8138,8105,8010,9111,9105,8299,8139,8135,8008,8009,9103,8017,8139,8135,9923,8126,8138,8135,8444,8242,NA1_4290585432,ARAM
75,Nasus,1,5005,5002,5001,KcEW4KSSGyzdLDZxdTHGjHNDEgRzu5j5d8wp7lCZG2V4QBWxJ0i_cE5qjplQllexFB3slIH0OJIw-A,32,4,bLiRZtWF0p7pXrZ-wPrpWzjh4QCIiyQ6GT59dh3675Hjs5U,340,Fell4Ever,100,True,53,Blitzcrank,2,5007,5002,5001,0iVrUThXZRveu78sYkiVnC0Qkh9rqV0RT7bB-9WWEDEi1sfF2ilpenLEHsRWWH-n7TTnQWR1e2WXHw,32,4,LZECYd8cEF1wjUGH2-jqOS2y0GuFJaQ05-TIDoDrUDAmVzQ,107,DrSquirrel,100,True,22,Ashe,3,5005,5008,5002,keCdYK96aR4aRDiT-1VeS1EHovz7ZU1LnHT6DPTgRApNg2pkKA2vSbjiql_lmRWz8yjgwPi_SgliFw,7,4,YcUT0JoZsjoZOD_QtYj4adSmboErKP2Gw2wmsh2ptx0SRuo,349,melly bird,100,True,102,Shyvana,4,5008,5008,5002,AQtBHXssl3Qoo_30653v4BZM_2xyu6zNyQNdiDLSQ_w8CJ9IQP_jnggf1r00jJ7PwCQjQE2sOds5EQ,4,13,4vt1W_ZjZxjDivX6Q5HSvSyflyOgKPfzLs1zIwiTSR-HkobW,305,NoCarbs,100,True,67,Vayne,5,5005,5008,5002,18LdLg_7BWFQQ7v3EpT2yHHcFq_e2DbyPfozh2jurMSdAVG4UtlEYMVwq8Lz_3eM6NdCTo3WS23i1g,4,21,K4R1c2JxWxQ_BDSwkjebdiBSlkoDr9ydLcDwO5uy6Dvz8DKe,104,K Bumps,100,True,1,Annie,6,5008,5008,5001,WVCzYv1evwohwlQSqwptGciocZIDJ6vi7bcFxzHRpsfw423SuqSC09qKiCblvO1fI0oJVeaH2amLOw,4,7,mDPkd6-KvwYfyzBUrpq0oD0i6nyCwXvVEehtcXvqUko0qQ8_,238,Crypticx,200,False,19,Warwick,7,5007,5008,5002,J8OFtnCj9_1uoGkbvkmbX_MK_rdpUF-J_VV6zc5oN6ei-lcGpyrYVA7Z0gq1VM8wy5VGbZBRVr8jgw,32,4,lf3Fcoez-pFglNmBEPlJPSdY65gLibv2bYCCyw-UQKLClYGG,174,redial12,200,False,245,Ekko,8,5008,5008,5003,6jGAGLHc595G_i7GjkgtmT5OxbUtSqUDro1wFOi4TiHshyK7VXhsvLQJx9EJHXV86swAdnkLsfG_DQ,32,4,_QE856Kd6KSXFKEKVfWmJzf7rBUlLvWA5EfxvNCQWlHO0j6u,230,cephi ,200,False,7,Leblanc,9,5005,5008,5001,lm8tOxzztRU3OtJC1rGS_mICLeIM4o7hARb2Fn9F1bkorRcRWEgYu502nw_fFxir94NVLOmGQbF2_w,32,4,-AtPtu_Xz5QZPCXduQWIjZPm0uDbppQiB7khDX82F11NO0pLSeMvsh5jiA,170,sheviolated,200,False,37,Sona,10,5007,5008,5002,MY5ZRIVuMA9qa_eNSJu0Drh_nU-LOrOvtsJS6utw2EQKsXmgElV06D7H9teM4kZ7n8z4z02VbKu01A,4,13,c8253k5N-rXFyEgZQ5eHYz4nLWeba2VDwDZ3hF3SzAHCtwA,156,kotatas,200,False,8229,8226,8210,8237,8126,8135,8439,8446,8429,8451,8345,8347,8128,8143,8138,8105,8014,9104,8214,8224,8233,8237,8139,8105,8008,9111,9104,8014,8138,8135,8229,8226,8210,8237,8347,8345,8008,8009,9103,8299,8143,8135,8112,8143,8138,8105,9111,8014,8128,8139,8138,8135,9111,8014,8214,8226,8210,8237,8009,8017,NA1_4288630803,ARAM
141,Kayn,1,5005,5008,5001,AKK-gW81OMlt5ps7kN6ejeSZ7BfLuIus7V8LCPUWpe28hAPlabYFbIcUSiykjVJ34PVKuVLCfhSagg,4,14,z7abzVHoQ8xZkxm6ttoM_i_qnNOR9ZsgdG9frQOvV9QWEqw,419,HellsArchangel,100,True,76,Nidalee,2,5008,5008,5001,3KqBbGgVFYwyzNlP_8srR-LMaG26gpy1hddDTj12Mgc1sDS4XlCNzHLh6VjhCGD6HsC-umu65crwUg,7,4,n-38Oa7w3ba1QvGzfvc15APS4tavIGeacCL5u-Mue__DQ0k,146,Sapphire Card ,100,True,36,DrMundo,3,5007,5002,5001,nrxMES_vzlxXqIe_27WvHgbCvgvAy5UMZcMfjqbFQ0N8QHdG5PEO6lDpmTW1N6AojJObwpDKqlEazg,3,14,u9tPMqvDxoPfIxvxol2rt9q5CrDknsKSgPr43iuy03psDwhxBdlZbPUIlg,31,FluffyJunJun,100,True,59,JarvanIV,4,5005,5008,5002,x5iwsoGgvfuVAu78LgUC-rsO3jlEOmIUaKEvgv0HI-1eMIjTXNoSXSClrdfLp2xUfCx-I3WESN_4Tw,32,4,752tyikXPnkH00RQiGuMj_tLv3xVt-ZdlC1nzXq0dm9_tcI,209,Itcantbeme,100,True,45,Veigar,5,5008,5008,5003,D1J0W4RCSOJvCdhioCu4uxzv1wmVTbmqrMj7fo-ZEEu0U4xDdBgzc-1Za6aHnKpIn1MLvkmDbbwazw,32,4,JnBk0FbikiHwFBgOdIWreoLu_908izkkXfINXnMKCWO9bAM,89,Voxhall,100,True,142,Zoe,6,5008,5008,5003,zDjZyjf8QPWrcPTzwODQrfrZIvf6g_24N2E10Sn03zdRHUo_1B4QKWs3932d6IX_YhJR_OHBLWLbjg,4,14,maRHaESSOiIYGqSv4ZB51sji3XojTCgv7KgbP-pPi0e1a7Q,274,Catboy Husband,200,False,51,Caitlyn,7,5005,5008,5002,3xWBtx5PL-ann-TxWi-J6k0KpAZnnaiy5pIJTBSBvmuPgsUeUIWJaqepLVLU9kjfklgFq10ppxJKpg,4,1,oi0VF9PYCuNZUd8BOKbR5UtjNwDMvVz8eERMcEtV8a98CJw,394,Sugar And Kisses,200,False,119,Draven,8,5005,5008,5001,KXrvcTVBEU4-y3t4YUSLEvYYw7iyFTyhGu8UzLDPdkU59gPpquGahJR60z4Emrf5x94CP05yQ7fkvw,3,4,SkB8zL2cRbk6yjY3yGAiqPJfwL0CVe8j_z500okcIxnQfcA,405,Orlon Medroz,200,False,136,AurelionSol,9,5005,5008,5002,Q9vkuCO0ODay0ROGa2eIvmsskBUILb19qiACvWAfZeBLwtOYzCC9RqEeZZKlgRG4TejzWPRXiVYk2g,13,4,ORGCYWAUHh0CNIvSHQr2ELx6XSwgqqDjVs4OBue8NHx1slU,497,uncleovdvmage07,200,False,117,Lulu,10,5008,5008,5002,AmXIzTxmGvyBhc8iOAK_-WlyT4wco_MpRdA7_rHVW3oPZyIPjtEr7qlC0k4ld7d447hIO9qilN9PSg,4,3,NCQ3_mjXkmg6-dSu_XYNHoTC1C6U0vIrdBpkstSOZkN9PnI,163,Shadowwolf170,200,False,8010,9111,9104,8014,8143,8135,8229,8226,8233,8237,8313,8347,8437,8446,8429,8451,9105,9111,8010,9111,9104,8014,8135,8143,8229,8226,8210,8237,8126,8138,8128,8139,8138,8105,8226,8210,8008,8009,9103,8014,8135,8139,8005,9111,9104,8014,8233,8236,8230,8226,8234,8237,8106,8143,8214,8226,8210,8237,8009,8014,NA1_4292075171,ARAM
24,Jax,1,5005,5008,5002,T4hNhfGODJjZC7OdGWwTZU7D1Sj5t_Aw9OKgR5khNvRZKQ3z1mnB-XAi2OZsU5Hps-nxWfLLPpO5pQ,32,4,O9uFbFQrJER3aNinisjHzIDxTgGXdbmPjkz7Nro7AUCL73U,181,Kledmidia,100,False,10,Kayle,2,5005,5008,5002,FV8Aml8w6AyE-cyMcCft80RXoYOrCs7fy_SoFjaVo3UnVQFoQAlAkaxSwr4yJWkHdq2gdPkb_pq20w,4,21,X5J6cPebpyI9uDKnfkwzHQGncsYNTNldk7v4Q4wYJP8zbSgnLyTwO_k_Jg,241,succiest,100,False,38,Kassadin,3,5008,5008,5001,wortksBKXwPloVba82frNtn5ZNEHgALhJAKiAdrhVa0_7rvNgu6MWJmk3B7ZbbBiMdYDY09dRW8wqQ,14,4,1J5lOF8Bune3GJoXjT0cMIhqd8T807FN18lkm_hE5uYDIvE,68,Jelly ftw,100,False,235,Senna,4,5005,5008,5002,p-4TzFWD3hTRQVBwxCL9-dCB-LZZbqqo2z3CBeVzhD1tISEMnMed1viWd1CkrTv-8an85kFa1sYwkA,4,7,gDI9OPSSfVeZ0Atha-HMeyRwRA-t9IupvUO5bKqH6i3l9Kk,199,sonicfan236,100,False,81,Ezreal,5,5008,5008,5001,s0F9qyzgzXRUJ44u75RfPf4juYOcMz0gv4KYeakobMEWXZaEPcicCJw6SWJvb642Ex8ex-MLSyaWVA,14,4,0R_2H7OcjpFWCmmfFWHHJC5gTXEasV6SeikOq3q1S6mYF9w,47,LarganLadLock,100,False,887,Gwen,6,5005,5008,5002,kUehqGAjk74GKfvVRXqBUyBz8zOjqR5WO_w-w1804uJt5PeOcfhBYR2s3o9itdipzfrPh9groIKrug,6,4,E4NaCVNVIPMNgFUjmWLPAAPbNNXarfLQDsy3wO6HLKNQ68w,134,DK SHOWLOSER,200,True,142,Zoe,7,5008,5008,5001,Ss-3wpEnLA8Dx_bJ1cNvmvfrIJJ8khn4xAjSnp1DH-q4-1BvPjX_LVA1yhQl8DKeJTW-7H_6MpHlpQ,4,21,q7QwM6DLnHSFZY3s25PF9Kh0PstqlY1d4oDMszRzZ8RilYvyf2KBoD-q3Q,209,Sunerry,200,True,31,Chogath,8,5005,5002,5002,u4FFL3KVuT-VFWryOr0rUHJbPbS0uYJlPk9E5Wt4LncDqFVkesFzdd2oxyCz1fty5jxd-qnZ4AHskg,14,4,ACJNmNk_oZvtyrIEvnshTivqG9qBo27mE3KmxTCqN7XaEgE,298,Bruce whillis,200,True,110,Varus,9,5008,5008,5001,h4nh71cUCjk4Qbz2KbGWzJfRpde1kiCACgQtJWlFIEEIIDNaoLnOUykE3a2NiVplqCfYX278pMobMg,13,4,Sw4QY_FgFMRSMW3urLVaw4looHHOR625PErWOQOpGI5u_0gr,102,KhyzerRebelX,200,True,115,Ziggs,10,5007,5008,5003,YSl5_RT5dCEtK4-ud9sJCqrR50VqzAl76VxbL5yUpkV2FvmjFted9hNA-pTpkpXEg4SxGcpfvI04rw,21,4,t9ZGG4_RiCciIXv2-htJHGY7VKv-gLk8QvX5jRA2zWDfQDU,486,albertser,200,True,8010,9111,9104,8299,8143,8135,8112,8139,8138,8135,9111,8014,8229,8226,8210,8236,8138,8105,8128,8139,8138,8106,8014,8009,9923,8143,8138,8105,8444,8451,8010,8009,9104,8299,8444,8242,8112,8143,8138,8134,8210,8237,8437,8463,8429,8451,9111,9105,8128,8126,8138,8135,8009,8014,8229,8224,8210,8237,8126,8106,NA1_4289226454,ARAM
141,Kayn,1,5008,5008,5002,J8OFtnCj9_1uoGkbvkmbX_MK_rdpUF-J_VV6zc5oN6ei-lcGpyrYVA7Z0gq1VM8wy5VGbZBRVr8jgw,32,4,lf3Fcoez-pFglNmBEPlJPSdY65gLibv2bYCCyw-UQKLClYGG,174,redial12,100,True,81,Ezreal,2,5008,5008,5003,de_84X9IELeYxfUfEq1cBFH39G_omAYx0iUtVVbbYiqU9tO1FbfqcjONdEEDz3LJEl8Pn-WW09JkKg,4,7,1Z2CwTgMJZ3NrPdd2axOKk03OsN62Ld4m4i4_wYw6TwNNSA,83,Marcelus Black,100,True,875,Sett,3,5005,5008,5002,c5xIS5PSg3UP0T-uQ6USUTPnRqN8MbIg8J6ldBGq25ij3jmUA3qI_lkupyhE8nO7SP7N1Y5n7yxZkg,32,4,8cgJ7YK-TnIO-j1PSjlcvfOR4Vo5Tj_yZVH7sQdPHsEyefIvS_lzhIgbQw,141,Yuusic,100,True,25,Morgana,4,5007,5008,5001,Vj5XuRuLxo-4o9_Th_IJXlfr3JxqYZgaQq180eFPjytOeLE-cNQ3OOSEEVdacsow-wNiJAaKync5Ww,32,21,QC_SraZph2gh8IlDIYXa316qMonzX_iXsgq5Bt9K9v4l,291,MrCookies,100,True,518,Neeko,5,5005,5008,5001,goS4dS7I8CppJ3Vdqci8oU7njdeJ9wS97QphBLVtlxZeXoeaaiZaaawNQV0vMyPKbbOFLL9GI1sRWw,4,6,OKmlUCNjGWAMHEagKiifnl45iQWnrA0QZ3DAZDAE59EMKm4,120,Sloppiest Top NA,100,True,75,Nasus,6,5005,5008,5002,5vZLiE-Xm6Lm7kY_RD7pSKMK6uFtil06x-P0OOj9eGKERC-djYt9783uuVZvZhGFuqQsTRucS_qOiw,4,32,RZHNd5mNpAvFe8_vp-pbij4R7gRCtUnAe7UA3NYfFCpvYtM,311,Sexier,200,False,26,Zilean,7,5008,5008,5001,D2CSihWwyvlnRjVGJdeH-Hj9dBt7G6AGKn3nR1dF5JLUJrmyt5Rg8SpLrVSKg_PbvDNsQYT-YnJo5Q,4,14,djUbiuW7KW2GSMd9fqHttIFaVqCH-9NnZP--b3m0A_Sjdtw,178,T2N Sailormoon,200,False,76,Nidalee,8,5008,5008,5002,IQqa7CV0HG_KCjZgbul-_CtvgHk_y6bUhg5AISSDJPj82ZijVE4hE1e11BTKFTKJoKtCXDhEu34dUg,4,13,kjA2htSF_0Swn3W2fQrj7fGWFvTJ3ucQfA3vyp_2E2ClWqtJcMyV2jYSKg,45,ErinaaBunny,200,False,235,Senna,9,5005,5003,5001,mG2Rb7hfcvxLMio3fhZaPzskZkK55cuiUVzpYvD5BRIW00hA6zTuLJWwVI2H4kAae9R-kRiv7frSiA,4,6,GomLeTNqaWH2IA1tZsJEPTpr4ZFSlAdsrenE5s0CZ_2cFkc,84,KDAHigherThanGPA,200,False,147,Seraphine,10,5008,5008,5002,Un6Zx9Q3ajtiMOJTQHePaQ56ZBJqFWj1VTvhKyRf87PLAYZY260Gu14ouXwFbz4xDtlvwzRxRTjCEg,4,13,mwSGkFXw_gYpsP4N7O_50RO09RjMpLpi6CVAIj8ggIIN8_I,205,Dylanmw5,200,False,8010,9111,9105,8299,8143,8135,8128,8139,8138,8135,8009,8014,8010,9111,9105,8299,8444,8453,8229,8226,8210,8237,8014,8009,8214,8275,8233,8237,8014,8009,8010,9111,9104,8299,8473,8242,8229,8226,8210,8236,8138,8105,8128,8143,8138,8135,8226,8237,8437,8463,8429,8451,8009,9103,8214,8226,8210,8237,8106,8138,NA1_4287509013,ARAM
80,Pantheon,1,5005,5008,5002,69j_QK0YK3poV2HFivSGANSgu0XcExaLq9Hc_8uzYyGou1tqrngEHGzd1ifMnPb8-DqWnxzcAr0XgQ,32,4,0fA9J8nbL2uwU2BiMx7tTiuyDoJY2n25nDqmQzvRMTBtKp2y,309,Hasan Gaming,100,True,350,Yuumi,2,5007,5008,5003,XMACP1UROR5MMqlVll57guI0JAmSKqjsjb_Jc2jJFbqw1CVLD5-ohlYGwFe2LXZwKHhGcCdTAzmvQg,13,7,gX3JxSA4iO7qzt58NXS4bYtBcu2o_DSbW01lzHDg5PqU5dM,184,Coovlin,100,True,50,Swain,3,5008,5008,5001,fGnIjkjpB6fDRbE2o0Zamkx_ozzv3eJgrYvGlnC15hFAvd_HRrY2MuQDDGQ612h1_lqiybcpd8BAeQ,7,4,hCadeX-NbPkaHt725XfgcExhv-zLfD2Xn5-ZlNs4fVxE4Ug,357,ginknight,100,True,21,MissFortune,4,5008,5008,5001,xxaki16p6fGRwhMWrhnODCpzpiTjgPXlS1BSyq4b6gmcB3AfNlTSHTmHmXFkLrGXuYYIBdKKnoFQEg,4,32,E2yoO2LQPTMsRYmOFEQRQgkze5GslSE-UYm3BOHJcY1myQFQf0Y4e-95rA,114,gabagool king,100,True,25,Morgana,5,5008,5008,5002,Zx8jck9m6xNaykVVMR73jxntoUtL7AHWMGSpQTTFrg0xbQ4pOkBUchkixOx4cb7M4yZzN4tW7-U0Og,4,13,3xSuc0yto6QxTub6Cvgx8ydF6z-nTPFLJzG43HeS4MRWf6g,496,TeemoDoesNothing,100,True,17,Teemo,6,5008,5008,5001,VwipUiKGko2rKv9fj-efUuXUmGOvcuQtlQaEN6QT9nfoN_GE0KU38pKTE2sU5IRsH2aMkdB7QZuJ5g,6,4,iJ_rvMmuir64Ie2A79XsWeQw4aSpsPLQwkS9VgQRAH0zSsU,73,PuppyProtector,200,False,145,Kaisa,7,5008,5008,5001,1aIJHn132SYp9nvjtWA151HmfSkoC76kbxxoOqxbZt5DaCwd-Bh1MZVEafYF3SEUnHFldRdHSi2tqw,4,32,YrApfts4rbP6cMIRzFzoojdZI6OY1punE-4qFSCaFu6hUSY,97,Remundi,200,False,51,Caitlyn,8,5005,5008,5002,Ad1JLGi6wccecZwhvwScd7EQkfe-IRuF3zb8vFdHmCh6wWhJIf9s-RgWrK1VWjcCzV4knTi13xCRiQ,4,7,IQ_WeSrkhPIBKltuIhewhiwmw44zsymUy5V7diW5wbDo3S4,179,Feedie Mercury,200,False,202,Jhin,9,5005,5008,5002,E9BMlrrnksgAkN2Np99T5eULPYo30nBbGIQ5NEgPT3SFBYG40Sgk9aMOFcHuYzoC2Z30upsdGV-cQw,13,4,sykCxnZABOOLA0XxEow0cdYHW6Raz_KSwRwE3ik_YrmTQKs,273,RinTezuka1523,200,False,412,Thresh,10,5007,5008,5002,2Shd2EyH-utYVLy6CHJRjTQRp15MCT_s31cv1FWNgk4UC673BngagOsSups8wl9PFqMLq2EWrKe-Fg,6,4,ZGH3vTAbQK3J7n6zItyDmMBd0UN74bc4xMdWW52CSAeAgfU,76,TheMetta,200,False,9923,8143,8138,8134,9111,8014,8214,8226,8233,8236,8009,8017,8229,8226,8210,8236,8138,8105,8128,8126,8138,8135,9104,8009,8128,8126,8138,8105,8237,8226,8008,8009,9104,8014,8237,8210,9923,8139,8138,8135,8009,9103,8008,8009,9103,8014,8139,8135,8021,9111,9105,8014,8226,8210,8437,8463,8429,8451,9105,8014,NA1_4290544240,ARAM
37,Sona,1,5008,5008,5002,yTl_uZWJOrnWYJSCzygabpwv8XQVp14bzAAfmGTkCGlnCBj2m9VRtBM3OtSZoV9Aly3gufylDL3a3w,7,13,oAnNaXQJRkN-iQFbqHRLcFa7YG4H2WnkWGGKY1QdWw16ogk,248,Minxin,100,True,350,Yuumi,2,5008,5008,5002,J3b2m8VMIgq2qgxr_F4gJIMUNZLverzPWtBBMmiNJy9yual9Qh2MLj6xtWtD7ct0jtls7MxTwVaIbg,13,4,y8AsZjEEGOfM7VhCwJqEe855mmNeJNH3y3xNixO_A7cW6jI,173,AmogusSussy,100,True,222,Jinx,3,5005,5008,5002,N7FlMhgsaGRO3Bn0QT8-LYGmdGuC1Sd6-jwAeDIm5onf0_tb8W1vFx8iyH2Rc016OvG2lomThASL4g,4,32,qR1hO3cxkQjwlLK8Q1V1irsa7uvLDPfM6wVgze7MR_RAd4k,189,stanthesimp,100,True,8,Vladimir,4,5007,5008,5001,697rKuYn4lCU9fIZ7qyTh_ogI4OU5QxwaTFolDAb5lH3e2rKKn5Pd5S_oSYFjeiMO84mFxCP4dwxuQ,6,4,fK6fDnZCEFMLH6tuT_Dv0InqsKo9hcoEog-KJGmI6wJxISWX22Xc3LPCJA,63,handsome god,100,True,555,Pyke,5,5008,5008,5003,DiqAVtgCNIvL_6nGcddVZutP0OoXzzvLhJDWC8l0hj_R0TaXH90dcCJB_A2WKrOf4jyoU-8r4_EcRg,32,4,2j9AaY5FXFF9S8rt98r_i78WUitlg5smH4cpVDN__1hKyes,181,WarioScapelli,100,True,39,Irelia,6,5005,5008,5002,OnU63jzLYRuzZvnhdSKLLUqVx5fbW9BiQZR9vE3l9U8ZAjmVrd7e07ncEsRoHwhWDno72rxEe-XSDw,32,4,JevtpzIH1dizBoEHSed1_E_ZelLYCz0LTXTNrMbFpdQ6RZ0,51,Mashata,200,False,106,Volibear,7,5005,5008,5001,UPnePym8NyUjrKbRSo58OnU2PExg1GXzrK8Cg1m_4QPceoGHqQX9mbuhVLJyW3sMUQCjmBAI9kX2ng,4,32,hhyIYdkKJl8EW5XDSZsZT3o0ct-WYRGQyILclR_c7SJYCkHaq8OyZn0ZTQ,82,waifuslayer66,200,False,236,Lucian,8,5005,5008,5002,8I53_Expu7CN2VNIQGygU7zReetFlA4Axx7Hu23g2bcb00zqqrDmrQRxOA0jc_d9PXLhLjveGL-x_A,4,7,lbkZivaAXr6LMkVvJ3FBOzpjCrPpdHHIjVw4ewFYF2NlQTQ,178,mett88,200,False,21,MissFortune,9,5005,5008,5002,srJ2ZR-EicFuZfG-ytefeBsI-8xYdSUWBGuIXm-u-n3vAHpo2xJ85nt7BS7uHekMCcAi6oYXC2K0Mg,32,4,DVZu6zCHKKD3A0r-szJHxaa5_nc-lc9DhHQDctSbIOounrI,275,lydd8888,200,False,267,Nami,10,5008,5008,5001,9pbmjy9Z85NTnxhwj0Q_ep-KP9pf2W-RVVybSFRJL4PRYOfkjZdr31fLJ4p19hEq4RSIS1tlpaYs0Q,7,3,4Fc7YrD-YXsjRR5ZDQerFneUWXSXMZE844jC3hQ3Oy3Qno8,257,jznjyy2008,200,False,8214,8226,8210,8237,8463,8453,8214,8226,8210,8237,8009,8017,8008,9111,9103,8014,8139,8106,8230,8275,8210,8236,9105,8299,9923,8143,8138,8106,8009,8014,8010,9111,9103,8299,8143,8135,8437,8446,8444,8242,9111,9105,8005,8009,9104,8014,8139,8135,8112,8139,8138,8135,9111,8014,8229,8226,8210,8236,8105,8126,NA1_4291691779,ARAM
16,Soraka,1,5008,5008,5002,7_D-2UaK5HxkXQ2YSgIOXhKG7rtLrnbr3_cElqRsYZC_RtPxrbkMfBe9hD0wkoJhmRKf4Q_ovizBFg,4,7,thXoxkVq5fjvUm0rskSJL7coI0kb3S9O4Uhg-0a4_OStlf8,134,Eldoro,100,False,54,Malphite,2,5007,5008,5002,YCHJ1t3i38MDDlghMQVNaTNP_N9mx9rJMjsy94HxLnWUPL6-p7J2_dlsekjnD1YDqBzkz2oQcpUb7w,32,4,TyAhAm-hDFP3lXDaavmAVo6U8zGgyiBCXhS8Wzu2ViUcn6O9asQiQZHHgA,86,YouWereIndicted,100,False,3,Galio,3,5008,5008,5003,QhH4cxuoCaplaCvriloYhgDnoFK0HTqfvbvY1XkBDitmn-2SW3cfAKgOW71OAc4A2dqeg4ZULz8Jyg,32,4,D-rbqlI2A8iX5x0kUUuj9RIMqwpBKc15XG9kJqWN7zmo-7k,148,Spiceborn,100,False,6,Urgot,4,5005,5002,5003,3BmYDq_weegU34jYupB1hU6tKT2MEBT-5T6WxbkAoOHxSHM_1MAS95G6dSCzkZvWjTR67RPSss2y-w,14,4,WZ63raTlf3Di3hjOnR2frlyyAcWsfOoxno7CXcUGlhgca2FO,46,ShutUpSquidward,100,False,83,Yorick,5,5007,5008,5002,Mj-28uNUPUIV60Nn3Iv0orXbU5lKqyG2HuHfEwYeFsWXRsKkPTPTEzgxPVIkVtp7OrJjhyr_QxkZrA,4,32,uC3DIoeL7WdoIFzupxfuSQcXzC-eIIVJupqQ8lwWXN4_tIg,365,ldixon2622,100,False,201,Braum,6,5007,5002,5001,AFxIwso0iPDkLLw6331W76Nl1S1gf-iIGFDj3RDpfNCOXIHqnUE9-b_A9YGHv72uhG1Xr7gWB4xs6A,4,32,1kI5nAcG4jmMFLvhnSy-JGutYSWZvIRF2UaTu8N832eGLTfC,89,TimmothyNook,200,True,27,Singed,7,5008,5008,5002,yelf2_he7bpHOQMGSTzm4My9-QsVCvrSlIN41FRoieRG9V3jA5QKfsKEssbtdEfEKy4nQfaDMlw8lw,6,4,OuJhXk8wTkmbTwPrfkxSAC-BEXuF3sMHn_aCRqx9thoN7i0,265,AKneeeGrowStory,200,True,21,MissFortune,8,5008,5008,5002,mHV2PTqef3pzEPQAY4JVl_bDrkn5W8oMgT0p4q3l64jMBSKdpJ2_yth9bfN4RRAiXW0HNut-zDnZkw,3,4,_v6WiIGRmSWmOsNgD9wGvm2Z6WneULnOeZLZRVbRSnV-uUU,944,Chazan,200,True,55,Katarina,9,5005,5008,5001,AGkJQQ9mAYDmVNF7-NcqfWqxdvodmZhT2eggHI_ED6MHQaM-3AI4Do5CoOetplz-hl7t5yAdKq7aoA,14,4,YO5gEnHGkbMu401Rbdc_8ZVRVsjBMQCplRG0KUlndAxVi-c,284,Skeete Davidson,200,True,420,Illaoi,10,5008,5008,5002,yOFpuguHYEq4fZQdrM2QnIPTB7gnYMHedPAglKHv-efdzko9oWuorwc9vSV4aQo4SBVZdOCazrk-EA,4,32,-fgjxdBU9jDZcvrhKW0yKcG5IL6frygRuIIeKX6IvT1LW6g,441,BandAidBrand,200,True,8214,8226,8210,8236,8009,8014,8128,8143,8138,8135,8429,8451,8439,8401,8429,8451,8275,8210,8005,9111,9104,8299,8401,8473,8437,8446,8429,8451,8139,8135,8465,8463,8429,8451,9111,9105,8010,9111,9105,8299,8139,8135,8128,8126,8138,8106,8009,8014,8010,9111,9103,8014,8143,8138,8010,9111,9105,8299,8139,8135,NA1_4289665154,ARAM
222,Jinx,1,5005,5008,5002,zuzxQdq4s83sn-dJ6QhuCo4DPeSm_zAtPTg9WQ3NhR85XiEY2Gt8DYDt-t2U_N61xFjC8XlQi0Oa9g,4,7,6W736BwfbDZzCXa7BQfYdQyyEAt8YJjwXp1VBxPAblKTVYQ,140,Sniper434,100,True,18,Tristana,2,5005,5008,5002,7i4qAPj6SbeBqrnKrSHaySKOiKp_ikRopapWjbsodGexyLGwXmwO278IHmfY2Og6cLQNB5BZ_cpsQw,4,7,UBnChm1jERf__Qo4bDoz6XopISlKhbnBpXyxLiC8T1-Ij1w,86,ShadowGGs,100,True,223,TahmKench,3,5005,5003,5002,iEzEaBIogtQfTSPSb-hAYAnV_O1AXhniTLW-4IkBdExdymTuj_1yI06rOAQnJWC42kUukm3_XVpN9Q,4,13,gwq4vWSElFmI0iFldqLMfJDFCyvlMcaoyHwq94scZQd-6-UX,290,Gismo,100,True,107,Rengar,4,5008,5008,5002,p8gj30TX2I_L9AfpaItGGUrxkeyMK6cEQAG-3sZ2BeQ8sTUOGT2eWknLXiJc5_03h68p2Dnekm1Scg,4,32,BXCCru0CemGKwHYVJ0Bqr4HGuFynCB00YsukARcrKZo3khs,139,Jahmez,100,True,43,Karma,5,5008,5003,5001,aYoBxdPeV5ZT57SyJUVEFLhAUel4SvaGCQi6oyJP28yrgfTvHKDmybW2mzy6YDASUDExTYoyDd2Ypw,4,32,p1SE5U9I9-0tdNREBocZaOCf422qmYIFLG6dyMoLPItyEhw,424,tripleSpark,100,True,10,Kayle,6,5005,5008,5001,RIPSlQcteBKdjwL2hmg9HBJKewfr8KrvD6FYKEg6zFvF2vQAI82M27PFzc0Fj2nr49JuUnMXrLfCuA,32,4,dBcrDF66tn6rjyBQ9OPJzQLczqipvk6zGRQ0j3cIWrubdGE,491,chikinwaffles,200,False,91,Talon,7,5008,5008,5002,-xrWMKsq9JEMsufKsLGmTejf0JM59xVygBUCngjRM677t1YWkjX40FsyS97OGTHyXZ2OMmQDDxx2UA,4,32,KSO0Sd38DJdOiHN5d44lXpSLEy1IaF752LpXR1uZxGcbCXQ,267,BeardedBacchus,200,False,221,Zeri,8,5005,5008,5002,l6L7uKsYh4e4WG1APnigMMPXtuPPfJ7Fmf2uEqdLiRd_AHibjtBXupBVK1fus7Uai1LaR541L0JtZw,1,4,zD2U-ieu7SdUICtMny3lfgyf7yyGWUgs6trgLPWuWZ056u4,383,connor104,200,False,113,Sejuani,9,5005,5002,5001,SFWuTM_EfqXjawl6o0Kw_Q6lGB9TULUtZbU1j5SEueRYTv5FKltL99iYHSWP5y3q6HsDib6H-lNk-A,32,4,qM5qjjiQOmty_huT89fJHYeINCpOOtvmojjo0IghoBEFMBS9,394,ULT Bean,200,False,67,Vayne,10,5007,5008,5002,yFIE7t-ouG3VRG2ZPg0McUmp3FWslokGbMx_mgLa89op4LH-T3VrKqxRlGZEjDqbCFMpzHGz6Ry3Lw,13,4,5qMS8Tijfjw9GukiuuwRyAcWi2KNHsh7sXSzBdkC08OmIzBy,299,deanofmemery,200,False,8008,8009,9103,8014,8139,8135,9923,8139,8138,8135,9111,9104,8437,8401,8444,8451,9111,9105,8128,8126,8138,8106,8237,8210,8229,8275,8210,8236,8138,8106,8008,9111,9104,8014,8126,8106,8112,8139,8138,8106,9111,9105,8021,9111,9103,8014,8139,8134,8439,8463,8429,8451,9111,9105,8008,9111,9104,8017,8345,8347,NA1_4291552982,ARAM
96,KogMaw,1,5005,5008,5002,rZw15wfRcI37UMV8LsVPhweE65-IdteQ8M0zURx7FlqPwrHm49ED07SfEC-Tmy809Sw7NRPwMGgeFg,4,7,CtCpOxS6SKDWcHugKrhaS5sHZMwCs-JB3GtetXuuBfWqCWLv,167,MiGoodBoy,100,False,17,Teemo,2,5008,5008,5002,kEJyJhd2qoxjWjbr-umzB5Y9V1PNJvR6d8spWag8U0u--i-vZ9iwBsiAEF8q3N0tpXqqsd7ML9WhYw,14,32,opFvVZEKsdq1Vvqxg0u9y1871Fi878S8Z9AQk85jE6bbT9k,109,Fisanii,100,False,15,Sivir,3,5008,5008,5001,eOpnYjlqzLDLA9Ec4XMWmLOcbGDJCTcbHP3jEqC1X_6Mz3BaUZwl7LKzz9mJqKWhFbEK6kYWeZg56w,32,4,qV_zhBE4T3JZauQrb0DNbfTKocm--bHIvV7Kb2mBKDVLJ8Gld2FFukGBiw,41,Pyuakua,100,False,122,Darius,4,5005,5008,5002,hvZL0xRi_qWMthRam7Nv20hTwxRAiaXYv_Bi_z8IylCCm9gixYjVr8OLT-4pwUbjmYb2O-FJpjTPmw,32,4,wMuvojInk3JZOQ357ajEtxvdC6YmzrfHRsSKnE2ibGi3e7I,723,Seraphbot,100,False,27,Singed,5,5008,5008,5002,ae1m2B0HOk6Pgw__bfVndfilRxGGss2AuZZD4pJxM_vFwi7bTdqNpePIy4M_b5MKbM00Q4tVNUui7w,6,4,ntByzr0YpL6L2ETosKjuD4YUHtFaOwCX7Rs-WyPTmcRuhDU,165,CyberTwigg,100,False,777,Yone,6,5005,5008,5002,eGuhAPLyQtCBeJXHSl5R5ibhhbKPvwtyOu8iUyBKVUkFC0D-781UhbEGInEJl02PJFpgt45aHJlL4Q,6,4,qoEl7yygKz6HHuSk1lIbGuim013O7kyuqmtPLDU3yg5yAvc,487,KhaStyx,200,True,51,Caitlyn,7,5005,5008,5002,uww9UVXgAtRaQMpQSJrIrzI-Dl-pOFuJ83jaAODVU9n7eG8bCSaiXz00osBa1NRX7tG5sfQgLA1yAQ,4,14,E9mWlRNtvJbUQh4Lw_UxE0fqEtgBqsEqvzqITVUYn0UTCjU,383,Lokipaly,200,True,24,Jax,8,5005,5008,5002,8luIjOTjYN1r-pbzsHoAs2YjuwabrmbbRSFeJ-gRBcMedwjbbhF3G6dZPjpSAUGMlWzolHFvj0SJ_g,4,32,IbNzTzdhSmjw07IlnBx-frZ8w4L5AfSz633aYLk07UtBnAuKd2SkA9nvnw,36,BigDBill,200,True,99,Lux,9,5007,5008,5003,vId6ab-lVwNQhMOktow1HCc9yQgOpPIhQfRfRerehmhODuvyZ1dgs6g7NZOZer3QENA6GhTO7h6Q9A,4,32,6AZ_fL1Cawhv9jaSsryu2Id7RV25Xu_7E0n0RWzeeN_WZkUe,198,Ojäma Black,200,True,134,Syndra,10,5008,5008,5002,d2JF9m29TRuVBx-8fj8O1fyiAkQIfAxxIx7vhBrFpa9hUYuxKjH0EI8QnhJ0pU4Y3Gvo7w51bHgETA,4,21,DXvTB5BK4_rqDlSRnnY8fmXlmQ6V-mWJhctfbLy2fbtOpmqpr3GQLuuSgg,130,HollowedRaven,200,True,8008,9111,9104,8017,8135,8126,8112,8143,8138,8105,8234,8275,8008,8009,9104,8014,8139,8105,8010,8009,9105,8299,8210,8275,8010,9111,9105,8299,8139,8135,8369,8304,8345,8352,8135,8139,8021,9111,9104,8299,8473,8451,8010,9111,9104,8299,8143,8135,8128,8126,8138,8106,8009,8014,8128,8126,8138,8106,8009,8014,NA1_4291439539,ARAM
59,JarvanIV,1,5005,5008,5002,IqETtKdioGt_4v6K3nO9tt7svi0w45Vh1ObW_BoiuNqWZs6KzbHU7L6s91IxodNe8DXy6T5hOYSxEA,32,4,yWG4HauSYZtkDcuWjf0lGXChouwFCOwX2td-ni9Eg5BQe4o,202,SugaryPuma,100,True,876,Lillia,2,5007,5008,5001,l6VAjy7eMpVp5fuQxrvl3JxgKBmrpaFTQbGCLw72KrfCaVSZjz7JepG2DAXlA2ruLNks4c3IZsfyFA,32,7,YPj6Y3tZN1twsV5CQ3qLlgMj_CwfXN0WNyiN6G5nivmkw-A,160,MakkyVonMakdamus,100,True,143,Zyra,3,5008,5008,5001,3gKDzlnGZeZFhtZk-_nBkgkyoGUpwpR-jtB96HtfA0xkr1FGMv5ObEXXpO5lpGm-AdHmCR1YjbFo3w,4,3,CgjZidp8DMOR8dAJtQ6RHgf7dy0Et7xPf1RdvkLB-0nkoic,151,DogeyMcGoozle,100,True,113,Sejuani,4,5007,5002,5001,Vjr_FqysWEpix_-Mqr-eCvqP-ieVgUO3QGFlMg7sZpj4Wte0IscJfkQ7GXBKHtk3bAkM1rIrKqgQtQ,32,4,WhNpk7Le0JqS8XGLNsy8XLJx9dwVWdxpU-pHVx-r1DvIgJI,121,oOGhostOo,100,True,69,Cassiopeia,5,5008,5008,5003,ATVDNbr4E0fSgW9bYn7i9zWEpJC9jSDEkc-eHeupMCGClpPB49qS5FCTjK4STvYGOfoJ7LK1kvsZiw,4,13,W-a8-jVUPk4iC4CItmJ5sKPWPrnS7YKOqTsTQNP-wG76xq8,156,Absorbs,100,True,41,Gangplank,6,5005,5008,5001,llXYmE37s5rOEoYyacRFEIgssXBVh5pqRKKAuSYWvUMoUCQiHDhPfrsIKwGfs14pEg9PFyKxX9ztkA,14,4,j_JPV1hVa5hR3WZXL7rF4-W2fDD2RN9ADZ4nYzfaqQ9pRzU,156,Heirogami,200,False,53,Blitzcrank,7,5007,5008,5003,LWt-WUnYyHaMQH7_1IZuVAu25eHYRpcrWOLGp-zNi5ZKx3MerHBJbwrKAi4rXLftTagE4Fp1v96-uA,6,21,TwlB-rqEbAOr5A6wrGV4KKunhNb1U7hfWEjnKoGCwYr3ai0,100,Acurv,200,False,85,Kennen,8,5008,5008,5002,f9cxlZnX8NGW-vfcDivpg485o-AQ1sthSotK8e7jeKJU47v_FbKUp5hMd92e4jrqeFBghsvCl2d2Pg,14,4,EDunqL-SmBO8pws1AxFK7U9Ufn_bc_p7LGqkbbHsBcEw1LY,141,Old MiIwaukee,200,False,350,Yuumi,9,5008,5008,5002,z9-gcRkfOexZql4NcTEkmvyJgSeqOfSx7e5WKB_1QaOefj9X2G3frpTjWecInQxscREVNy-qNvEAYQ,4,1,8dbRfa847_KRvbsXluyRulyQjnKd4iwmaUKadWoIIT_tXctZEjYd2NugNQ,144,makethepainstop,200,False,61,Orianna,10,5008,5008,5001,y6r4lcAozMp-N-cEZcj1J47SpmlNuwMTKTmfpCX3FguqtJTQBCAXwOsTe86LVaxB5c0-VfPdy5puHg,4,7,LiY0TklDzJ_wCAPxWhWvIMUaB7kDvEjQmNTpCVAZ7t9Lpm4,100,HLG Ganja,200,False,8112,8139,8138,8106,9111,9105,8229,8226,8210,8236,8139,8106,8128,8139,8138,8135,8009,8014,8437,8463,8429,8451,8304,8321,8214,8226,8210,8237,8347,8313,8369,8304,8316,8352,9104,9111,8112,8126,8138,8106,8226,8237,8112,8126,8138,8135,9111,8014,8214,8226,8210,8237,8009,8017,8214,8226,8210,8236,8139,8138,NA1_4291446199,ARAM
145,Kaisa,1,5008,5008,5001,0-m0ji1cNcUCuuyA96_TTJyI8ZVsealZirslzCaN9s8ZgDiog1MkvKxNvf2RDwSSQ8WAcx4ak9uSmQ,4,32,4YODEV2KyTVTW7X93SfxBov613ip7ehHzTaQlot_bhIVIPU,337,DynasteeX,100,True,20,Nunu,2,5008,5008,5002,F6TPgnu53Dh5GYVhLC3T7WpYETkbVRD_Y6GmOZvogNRqjFyICfCWDgn-L2SqHGANccpOaw1pTpI-0Q,4,32,fB7LyqDx8img9Jg86tK1wjIjwjx6NkzsdUEpA9py2K_NcHQ,134,aTastyTb0ne,100,True,29,Twitch,3,5005,5008,5002,3D-E1-zuo79K04hUxNmCS7GiUvau9YGJMgNQnY82TDP3L3WulE2hn4GW-GIr2RMHhr8i4b4blOf9vw,4,7,oYmkvJa0hLKV6Yar7YJKIZnLn1pXsIbhADPMgqyIGsUCDH8,295,BackdoorMeSxpeke,100,True,103,Ahri,4,5007,5008,5003,GwZ8d8XSYZZMTJz5lMNDn2HPPmk0s5idJylJf2737FIb1Y2zJrtqMzYhUsynONLd3o6AfPzXzG7T2g,4,14,HgLljOQtVVE1-l6KPy-CJomPVW3aspnGLgmyDoSLNJgfjNc,341,GiveHerHotCosby,100,True,86,Garen,5,5008,5008,5001,oVdfrQLGXz9J2OiIKReg-HlYNJSFjNxv1iPoP33NUOLcJVI0PQ-MSXxhwkEXl97I21d80jA82VGD_Q,4,32,YDPpcVgXjG3Fd45m-G4edmxm6ZV6ScGioLwfvkZ6jNC4UTc,95,Zift,100,True,81,Ezreal,6,5008,5008,5001,Ol1YICPxYIyboMoCL6qXvrTbIDIDLwp5AWIRtGTVsguw_KWqfIJl8dWqXiUD_7p4qt872sWZ433bbw,7,4,KB-CxbbijSVAVJuhOzK3Z90YG_L7gVtYY7sTAGJ4p4h7qlg,201,huangxinwudihhh,200,False,887,Gwen,7,5005,5008,5002,ONYXeDTMaSpTEAFdJT0tiWE7H39NTNkmKTr2iDxGcD5uB_xM_-EhUGsbWN7aCjN6z7ptmwxx-f1sjg,6,4,rKmaATD1dnJnpDAl_GK3nGknpVKnjjXhex1RSq6cmS8mW0I,192,Namikaze4,200,False,99,Lux,8,5008,5008,5001,wn27Qn5yJAvE6CcR273KYGg5r0pQY4LaCGk_SVLvpH7UvA3rbKgJMIjcQbjMahd5nZa2iXa38Hl0yw,4,32,1jii5Vcpj1LPHY5a3f8PBAOIYq-83uDKG4AapE8M5-2SW5A,196,Rocks4Jocks,200,False,30,Karthus,9,5008,5008,5002,KDWJSTgVMc0DKtOr_hCTdAvT44q6eUIAArhygIat0FWFLbaR0bcc7DMrxcns1WuADAbZvjcIk4pFbA,4,32,hmTtf-goG3Qz3z-wYYBsZUWqoHOjfFa5l6lw7JKxkhCjf8P2,316,Lunari Twink,200,False,555,Pyke,10,5007,5008,5002,z7vLq_B5Qtb4uHIJwD92_428X5sRdj75B9H_tTjlhDnalrd47ifgRDg7q33kzoAz8afcsTr3SzVjBQ,32,4,zvP2EVpHsVo14YSL7r8ojuPWvSjwCUvkEVQO2981fyA4_cM,410,Bubbl3z,200,False,8229,8226,8210,8236,8138,8105,8128,8126,8138,8105,8234,8237,8008,9111,9104,8014,8139,8135,8112,8143,8138,8106,8210,8226,8128,8126,8138,8106,9111,8014,8010,9111,9103,8017,8226,8210,8010,9111,9104,8014,8135,8139,8128,8126,8138,8106,8226,8210,8128,8126,8138,8106,8009,8014,8112,8126,8138,8106,8473,8242,NA1_4288356360,ARAM
48,Trundle,1,5005,5008,5001,04jdJcO4-_z92Z_XGLwic-61jg8rxls1li6xzqW7R90CVvNtufSyLmYpmgSyCZHFWhdLNmEMwNx9MA,4,21,QfnEMZFqzR2dj3LcM7TrQBMvhnovdkQWkyQ_U1E1eAvf0Js,172,MrButtersWorthJr,100,False,81,Ezreal,2,5007,5008,5002,YpLnD4gIfxywliQ31m5xOaXImDuRmmqs3PwACrFJ7yOAHIKBd0RBVlaLh8w-YnFAp4GvcFePZxXldQ,4,13,IuREYHSnVTxiadimElAUa0aPNXG8FP7gGg9A2lHrsmtvQRq8,175,Lindsey Boo,100,False,24,Jax,3,5005,5008,5001,4i9p9lLLD0DIj6ta-UNukEZ7kd08-bGWzBYCkGZ4-dv1pV0Cnq7HbkWKZLks_7CEluYl11jxyBAHjA,32,4,NKcsWxefYR6Xumr9psQmsle9-eArgJJPqOIoB7F2RwUfyFQZPYU3Ql8SxA,90,OnlyYouExist,100,False,234,Viego,4,5005,5008,5002,RxOauiUMllTunYDvPhPS-VdMtbITGsoZqDHTRMhRtb_gdvDbg9oi5-5o3WxuB71dctJCeKAcKAkNfg,32,4,RYpPsJ-monCXvxUdtPxprXHe4HqB8VGkYemIXZD64u9welw,228,SickShifter,100,False,84,Akali,5,5008,5008,5003,HY6xTwa9y1LEmLSizZ2Kj72w88EONRQQAAGUpCUa8rdgZDxfeFN0XoMQ8Pk8zogKd7eheXHYy__Mpw,4,32,kCS4F6aeJ51iOSEtPrcFsVTaoKyUXICFD_FDKlx4kp_YWLA,464,AoF Dreak,100,False,711,Vex,6,5008,5008,5002,YzsdX4Xj8RCpKlLpGPYliNDmDoy-Tobud_NstRN3qcJDCtxpJhhn4rjoiOHFgMbQZE8IBB-TMDnYzA,4,32,FI_9-WdUHl2DQCn_TevmAII11L82OuefO3Tv1kn_r5FymdSW,117,methodvf,200,True,55,Katarina,7,5008,5008,5002,FRoeF1yNLMSc3MWu41SX57F2hi3cDOWrIJh55wvcVcska0DXpZgeq8E2rpaLrx7c1zL4apbXKraIvw,32,4,2c_vuvRfXvjWRLY0FPTRrlx4eOcEA6Dk3rBtg3UBig6ho__w,324,skrapysae,200,True,80,Pantheon,8,5008,5003,5002,cT9nNpw9r4chE8fmUyUcqSMc_rtuC5Plzet6Gef1xe_lWo2UsJ_L7DAJkGycvOiuBYo3WZbNDJD-Lg,4,32,6DVbl3zXqw83miwC_HuexRxNwNVcBzZxg9fO-vO8dxmhwOk,228,Rijen,200,True,17,Teemo,9,5008,5008,5002,Ucc1mAyGoDyvarMqLHxwmfsanMqYw3wS2ebLcSDqlHiRRHwNK52_7VL5fyRo7lVFngPVTL2sM1xzQw,32,4,wTQvD_DGLxnno4WqKQr_b_uf0mltjUs-IpB3UQMPyH1AXBI,163,A Big Bear,200,True,145,Kaisa,10,5007,5008,5002,f2mlPytFSDFcx6wCE93BS3I-DpG5rh5wXUkWMI5qHveo1d67mYzaXk-SmYsG3TIHQaXOnwaZhUoWCA,21,4,JLAtMXNtTLh6mPzMN5y_nQauwUf38r-rRlJ834SXAHE7cWU,172,A Small Bear,200,True,8008,8009,9105,8299,8242,8429,8010,8009,9103,8014,8226,8210,8008,9111,9105,8299,8143,8138,8010,9111,9104,8014,8429,8453,8128,8139,8138,8106,8017,8009,8128,8126,8138,8106,8009,8014,8010,9111,9105,8014,8143,8135,8128,8139,8138,8135,9111,8014,8214,8226,8210,8237,8009,8014,8128,8126,8138,8106,8210,8236,NA1_4288410695,ARAM
254,Vi,1,5007,5008,5001,Yfmu7fXGQGsoWn1tncGIWlG3iOqDs0pzioE5zZ8qn418DU7a_uNYTh7OfPwdN4QH8JSsymHYvnt5Ew,4,32,4SBZVUxWpvYXtPmRJ-l7E2L0F5NIwpzW7ImmT7_skGmM2Sw,62,Whitecloud49,100,True,235,Senna,2,5005,5008,5002,YNcnM38PLiXcLOjAAaP8AgxLcoSsSHZtt6-3LY5li5qiQUI1mObQPcmctrE8dyGWuGUx9ijGN5p2GQ,3,4,8NzJdcQiaSt4VHGppom5Lvv84a_OuPl0ItJIj7bAVzCmF_U,434,Katatina,100,True,45,Veigar,3,5007,5003,5002,yGXkFAB9hhZtD3OVksG5lgi846gV1TxoQ5kABgArG09s-XqKyi0I8-1lbowimivOzLxqPHxe-GIPrQ,4,13,yI-tfIFOd18WL1WsC-IzBFh3yeml78oNLjRNczEtv4bC_Mo,685,Enkkoe,100,True,48,Trundle,4,5005,5008,5002,watQ_J_ojEkwxsM86HhAMpRuG6nzqxPYXg5uEPWg8IRai0dur_qnjTUUxiRl88RVoDYj_EhOkB5Jlw,32,4,MJ36Bje7tciP05AsGq6y1n6gPVu1NGooqnWwNJZ951OmerE,477,Valtais,100,True,16,Soraka,5,5008,5008,5001,oG_-Prhv23I4FyOT-QHmcVVELSHNcf_L_-if19eQQ6Y21_PqKxKA6GDuwO1JWZhrNChZ6e1q0PzwZA,7,4,DIuqvzfFKftTNpDDm6iCc73okBFxi9yGTsX5hQQxm1HOuns,214,alterjt,100,True,98,Shen,6,5005,5008,5002,3KqBbGgVFYwyzNlP_8srR-LMaG26gpy1hddDTj12Mgc1sDS4XlCNzHLh6VjhCGD6HsC-umu65crwUg,32,4,n-38Oa7w3ba1QvGzfvc15APS4tavIGeacCL5u-Mue__DQ0k,146,Sapphire Card ,200,False,117,Lulu,7,5008,5008,5002,x5iwsoGgvfuVAu78LgUC-rsO3jlEOmIUaKEvgv0HI-1eMIjTXNoSXSClrdfLp2xUfCx-I3WESN_4Tw,3,4,752tyikXPnkH00RQiGuMj_tLv3xVt-ZdlC1nzXq0dm9_tcI,209,Itcantbeme,200,False,36,DrMundo,8,5007,5002,5002,kg1geVrsVLiVK-fYva6NvGC_tFbl7qS5P_baeDi-WziggidZqF-Cp_2r5BLBpkBqk3bx5fEtWJzEvw,32,4,R5HMMkpfRizDyeYI1nJtZr60pqezPzpr_MHcL-WUNL8-0tNEIB7QUA8Q3A,135,Denker,200,False,26,Zilean,9,5007,5008,5003,0MgG80gpyArXMNkRengaSQNRryKmghgIJ2PCYLppLWTv36rMkBzYH9orlhvdB6OwBNgYRG7r9GrG8Q,4,1,EXAuRDy_L57hqtXCRejNw4VOeYLJm4qumJgrcKfKP1lTBKk,328,DocFro,200,False,54,Malphite,10,5005,5008,5002,Cr1TFTAL5UgxeKuTj4zFrjQHBR3hyUNu7KlGRPUS7cdIffCNwZy_Pnc7DkkAMVN3YNwqqJhw5OAgCg,32,4,mEkzlsdUbSvIlnb6atc9wfc5YlB2PhTa3RgC8YbFmxPOGcE,323,mode H,200,False,8008,9111,9103,8014,8446,8453,8128,8139,8138,8135,8009,9104,8128,8126,8138,8106,8009,8014,8437,8463,8429,8451,9111,9105,8229,8226,8210,8236,8138,8105,8439,8401,8473,8451,9105,9111,8214,8226,8210,8237,8009,8014,8465,8463,8429,8453,8210,8236,8128,8139,8138,8106,8009,8014,9923,8126,8138,8106,9111,9104,NA1_4292058995,ARAM
25,Morgana,1,5008,5008,5002,g6grPcabBwQDA-TJr9fa1VT8KhR_j9JBEfE6V-4J8isyXpIJP3EFrTfwO9XTJ7jUjYtQJbUj77rihA,32,4,hzs1OceW0rSdbO2o79LOlxDh5AqSkAn12eaZv2oC4itqW98,394,Fluffy96,100,True,103,Ahri,2,5005,5002,5003,qQ1L8azYx07qq7GkJN6oVsc-Sc803pZtnTkUMtE3BI7I93-kP_RPhF2YuXlPtp_T26t5bbit-TG_4A,14,4,wbcZmh0NTdy-nGmUenOo3B5wbtrCxarDnkKblgdplpn6_kXp,275,Sad Pika,100,True,21,MissFortune,3,5005,5008,5002,znN-BFPiebJ83ipURnGLmT6h8IoiJt_wXVvrTUmdTSMwP0VswFtzbTcn_zjXAM0ddICg-xGtYkTABw,4,32,hOF2nfIsfDhSmzcshPOfHA0ERVFgQMFLOxkmdLanFEMEWwQ,310,Trizorino,100,True,161,Velkoz,4,5007,5008,5002,iRxrNU73dE_DdhJYXC7NWYzWI5jc3L-RUSS_a7XrWFbEuxMEmWqWqEiIuFkshFMJLhjdH9C4hhYfiw,32,4,-6nxymclDEksNnWyylA5bbhZ8lQ2XsGyVEmwAoBCOiWVvPE,194,Noxfire1324,100,True,112,Viktor,5,5008,5008,5002,NYfaM7Haor5Lvi5BeOB6bKulH9YhzUoEy7Ik07UDMqVylXU0DycV_3L3ANKWhRdqnkDL6FUs9XCXUg,4,32,oTWCxdlq1myHEJRXXchdOrWEHem3i1Bs3Ob2QorKRYss2S8,59,Bullufalo,100,True,119,Draven,6,5005,5008,5003,31D5u_4k7f5TfqoVMUxnq7ug-cfTtHuveYcqVEaCxTL-OC4AliBqfUT4mCP7EV-932d5QrSZ87vjdg,21,4,pVszEy3AqOBXYoX7VSAFPJrLj2_7zRw1tXJCVP-L7qqw2wo,334,Tyrral,200,False,221,Zeri,7,5005,5008,5001,fQ3XctqoWlUT2rZQ3-qFbJRThMXT3yE_ysU2_Ek3YGDMpcfpEMQ4LgQNybv8CmwG9CIHnxOl4STZFw,14,4,2LKvr4vnSTOHyMRyCeoCWe6DrMVMEJ9eWImYim-TbmExgBo,185,asweclawstorm,200,False,555,Pyke,8,5005,5008,5001,IeFIs44gv61lV4z24Zns6OuANB9ytV1gTUrqRzbRKDXhzfycGEUcUfzHtZNEnaGTTl6_FfYWG9xilQ,32,4,BZiXneCj7Hbk_jMSdjdxtdCZuu5t23NVjTRobjOjZ7zAs-hr,144,TDSK22,200,False,53,Blitzcrank,9,5007,5002,5001,iae-C93WlDmU0oTtOO7d2qKaoSjHD0Etsl8oMOF7AURi96ztMQHVyz3leblrwo87lyX9fBY8RKQoVQ,14,4,Z7jQ4ug8r3cxH20CmSfKozI2aevTOO8u4ZwwXtOeqRzeWfE,218,BeesAreDank,200,False,63,Brand,10,5008,5008,5002,CcXorW7JfXWemq8bRBwvpX8FwdBp1iHMcg37qW3KvFSZ0NRYfnMUI4H7utB40-0Td0gWxCuY7Nm-PQ,13,4,dR7qQZScGc3fnnhz8qPWs60LbV9eyzivCNx-_6HBHt06mdo,494,TheFinglonger,200,False,8229,8226,8210,8237,8014,8009,8112,8143,8138,8106,9111,8014,8128,8139,8138,8135,9111,8014,8128,8139,8138,8106,8226,8210,8128,8139,8138,8106,8009,8014,9923,8139,8138,8106,8014,8009,8005,9111,9104,8014,8233,8236,9923,8139,8138,8105,8226,8210,8439,8446,8429,8451,8345,8347,8128,8139,8138,8106,8014,8009,NA1_4291420405,ARAM
53,Blitzcrank,1,5008,5003,5001,h58iw661QhETGmcPVQdATequ473suBkVcJ-a_SBAwKbIPpnUIZWkwGBEgrXOnSK-m_ufCN-Xz22F3Q,6,4,dDs3lcE87zrgiXs63OaDAVglZ_a3ALg2tQBUZFSgIwDRdQc,448,WhiteBird24,100,False,15,Sivir,2,5005,5008,5002,efPI7G4np-dfLLqYmmCx0wzHjiJpBIAgrMEEnnSd832zs7-ifYrq1_OXERoWoDJNJPiQ9ylDu0vV1w,7,4,DeYniah9ibvlYNDh2Jg33_SN9LGXjFyMb4nEpcaoQI3K3P0,407,gboizy009,100,False,22,Ashe,3,5005,5008,5002,N_Uxj0obfPEVjogxkxNTVIoIhF_-y7kiGmwqU2RlZhixduOy7YDytzTkGjWWKkJv0TE69DS_UVmmrA,1,4,gTlWT7I9s_yZcCG2JR5pOpNgrcoW2MurO8qLc6SYq3_28VhrQXan-vmcOA,69,2XP,100,False,8,Vladimir,4,5008,5003,5003,5kzFg5955MIlWQPe3pstzLy7mKkmVemw71DG6vCAaGBrmgLOfbCmQvaqhRMOM1UMCLCxdpwUybMtmg,6,4,kY-zpLZivYtosTNScaaY0BkRlD0LG-IrOB4gcBh_oyer4NA,158,Dakk the Fox,100,False,41,Gangplank,5,5005,5008,5002,wrSnZ-np2ns0KbhRMywx1mAQfAj2ZCKhHhWsI9BV1wcVdq6l305Ye2EhuFH351gc-OdvQ38OjXybPQ,1,4,7o7TsSE-sHe-C_LY5of1mboTcJMpp5A2VL7o5GroGuk9KL8,223,Riktaven,100,False,68,Rumble,6,5007,5002,5001,BVw1WMg7uqyIjtWz06JJr1emtgMeTCRYi-OMMGpUIw9zw3dzy1K5PXnuav-tVu_KmdAY37gkbhy0YA,7,4,TcD7w9TZOiY4zhY3dODW41Nsoe3ZtR5iZ0SnHzSVmj_EipI,237,SquadgePodge,200,True,412,Thresh,7,5007,5002,5001,b4RKNygdnonUVVLM7pT2NGpbDe7dEcNVZUznm1AGtG0gztyPA9X2Mnwx8g5UBGWdlwc82uX7mNRb2g,3,4,WiYNxGueIKqNX3uNzKrt2ScuUCUvxaK6xDOGDgVlWnKpv18,112,ErsteWolfe,200,True,523,Aphelios,8,5008,5008,5003,hS8Ii1MzGzdYDve7NBXCc5emCY_quMKmr72IGUQkf89CVxWk0wPqAfTDxYsQtwRxlW5vi1UinPp6uQ,4,6,tWpHGUf-7Z0sHlUu0c0H4bOQLQ7T_0B5Jo9YEZQRZHbIFwY,98,FuzzyTiger,200,True,222,Jinx,9,5005,5008,5001,OAi55txHS1YRQbiadwvqubmK9DYMrlSW2z-MBY0B6yh2vv18f_2PKQDFZWAFydLqRHFXlEtx3sJlUQ,13,4,wlcL26HQrPylDOjYp_VphTFq5TwCSTsTrtdqehIUuGl2Dh8g,186,SunnySuga,200,True,74,Heimerdinger,10,5005,5008,5002,3kONrT5d_4DVDki5godzfkn6ml4BNtsmNL_8cwQuaiKyWP74ivu4TOJYm68h1o1atn-pTK6T2-FxSg,13,21,GiebLA6wPLWRR_Qqy8W1aW8cNLc5bdYVJAT7DRAItR22qWQP,292,FishyFishLOL,200,True,8229,8226,8210,8237,8009,8014,8128,8139,8138,8135,8009,8014,8010,9111,9104,8017,8210,8237,8128,8126,8138,8106,9111,8014,8128,8126,8138,8106,8009,8014,8369,8313,8345,8347,8451,8444,8439,8463,8473,8451,8009,9105,8008,9111,9103,8014,8135,8139,8128,8126,8138,8106,8226,8236,8112,8139,8138,8135,9111,8014,NA1_4291350241,ARAM
81,Ezreal,1,5007,5008,5001,NLnzTekSIcQLBkRC8Thy7Tus4ogjuNE29z0OUdz2ZpRvUAOg3iDKvSny-EIz9Hg8uc5GUL3Dx6AxCw,4,14,BDhJwXtY59gua9omHKMBhJ848o9I70tSPgR5msTqdFFNye3f,174,doctorjit,100,True,110,Varus,2,5008,5008,5002,AQtBHXssl3Qoo_30653v4BZM_2xyu6zNyQNdiDLSQ_w8CJ9IQP_jnggf1r00jJ7PwCQjQE2sOds5EQ,4,7,4vt1W_ZjZxjDivX6Q5HSvSyflyOgKPfzLs1zIwiTSR-HkobW,305,NoCarbs,100,True,96,KogMaw,3,5008,5008,5002,18LdLg_7BWFQQ7v3EpT2yHHcFq_e2DbyPfozh2jurMSdAVG4UtlEYMVwq8Lz_3eM6NdCTo3WS23i1g,4,13,K4R1c2JxWxQ_BDSwkjebdiBSlkoDr9ydLcDwO5uy6Dvz8DKe,104,K Bumps,100,True,117,Lulu,4,5007,5008,5001,LwZW_kob6n7Dr_nrWUUJYmW6xkYynI6pJG_Nv8Q1gaIekjvwwmNcDa5B-5VZy5J6jcxeToduoKbD2Q,4,3,qHuU0Jlr0ipE72gnz28_OzeLzySSpt9EAnT7okaI4ohjkfQt,383,The Snatch Star,100,True,360,Samira,5,5005,5008,5002,UmX6dImDmJHA0r3fZgqjzCsgxIBmZ1YOL7ddWVoekCsmC7XfBTYfhyVedXS3N7GhpWOxBSnFcZ5Vqg,1,4,Qzgnldzrc5RWzF35og_pH1BFcy8zZYkvLtSNSZht0pPsNpI,244,Haber,100,True,11,MasterYi,6,5008,5008,5001,TYjGJRBoqEK8WAiAe4tZc5ByETFfg3-YiLUoKCiAHyDiRSi1tGmWVwggTN1scDRZc6KXkof5vYEudQ,6,4,MrYPDyZlfkxqS0WA8nGfG6EWdLDwUGOezeCqxEggvY6Kc0w,122,DangQuesadilo,200,False,1,Annie,7,5008,5008,5002,zTipxCq9EXi65Et_fJNsr-SZIsLCryjVO7KvHqTapbSWNIMS1ocdEmcj_NdetjCLTdE6oIQuwuaJZg,4,32,yl340B6saUKrNYI5aj42fcDwzA2wOMcocVuhOWpsZC4JwkQ,172,freeky stylely,200,False,16,Soraka,8,5007,5008,5001,tRJkZWdBkTQTfzWcT8nGs2pJ8DcxVGOHZc52hmeDYITl4gCDGky-EfA6EnjEyu8MoiPAVyeR4jJcfg,4,3,biOb__5r-zUfW8NU6Q826nVV6TyJFoK_fgc7M6KCvMxdDLg,47,Allures,200,False,7,Leblanc,9,5008,5002,5003,l9Jk23qM7jpJMig9n9opFhYELRmU2cyL3uLNJwe7IHeX1OgxVGSz6_DdygZxQQZpEK0CXdLgWWDGCw,4,32,qwaQSgtjSXlILpz4VLPHX1hucJUjDWBna5WJjlpCWT9p2r0,165,LuBlanc,200,False,83,Yorick,10,5008,5008,5002,MKRv05IGD4AHI-RWnEC86SSLiJGwvButI06_Y36iIiVugp5yihnDILs4QMUIAMVPJoZpbLD944k6FQ,4,7,f941fh4l7ii4fP-Y8_NpiCiPhuxNIIZOit_jXJjWK0fecV4,309,Sigmun,200,False,8369,8304,8321,8347,8135,8138,8128,8126,8138,8106,8226,8237,8128,8126,8138,8135,8233,8236,8214,8226,8210,8237,8473,8453,8010,9111,9103,8014,8233,8236,8128,8139,8138,8135,8014,9111,8214,8226,8210,8236,8313,8347,8214,8226,8210,8236,8009,8014,8112,8143,8138,8106,8014,9111,8010,9111,9103,8014,8139,8135,NA1_4288691099,ARAM
3,Galio,1,5008,5008,5002,vFPiH6n63bUIFAC80nCR0J6xyCU1_X4bZYVFxLVv88sBhw74T0mmNIWiWNt913v7D_1w3xrc8864tA,14,4,W_KcfLxtCU32Ub4I_rPFs6uzS38JJno03F287ACU5fFMTTY,191,Ouroborouss,100,True,164,Camille,2,5005,5008,5002,Zu9tPSRMqu1KtqjCNuoJ05pZlWxjDLYTw966xMQh1nkTsa-dggxI99Ww43DzbCI1qY0_VWSl9TgKMA,3,4,25p6aBpwg-zh9cQef7eChKuKDmbBxlcbfxDHf1XpsgyM9nI,103,Caerbanog,100,True,63,Brand,3,5007,5008,5002,Mp6QDWCMQFLrvJ2wQb9H4LyBq47HQsZzHm7A-S_TDu8LxHhyaFZxArf6fMUgd127pnSPwjoRlBjGeg,13,4,Te-Bo-EjnPWrs1pCXOEB7Z-UMyEIzkgltBd6a95TROPf8FPm5_J9pV9tsw,154,NebuleuseFatale,100,True,30,Karthus,4,5008,5008,5002,8dl74dMXwAx06YV9tuAbci4gXxVf-Q195R9gOGJFWxDcv4aV3GwdZYa6XxSrOXoLMzSiLCJVa7TOOw,21,32,55h9YhiHN9WItDfHOrAdtvgzzwtryvq4GoQcLXFXc9PAFZGLNXHQBOGkNA,53,Xiellought,100,True,201,Braum,5,5008,5002,5001,66TFOsl4XjuWZ73rq__ML1MZvAuKz17e4W55LMg4Uw9Rs6b7gYrjK_8uSZu6Y40G-jKRTkL82iJ-7g,4,32,qEqWymD3kzdBCW50cl09iitbZg5B0FRrZ-BA7aNKU68HNoY,123,chip1000,100,True,7,Leblanc,6,5005,5008,5003,AAifyYTy5QEZWZBNM3RWuudsTjzwpnFEQQeFhbCEdWfYJpFiMwK7Vm3axwTnPoJVIV-DsQr-MJclmg,32,4,k81F3Pe9lKy__GIi0zYPo8h07H6M6sKbAu2anXwsVbKVbB8,424,ColdHotChocolate,200,False,131,Diana,7,5008,5008,5003,r4gC6ZUHsiJ8kSeoUzSl3QZ9BWV9vQ2-l0ONY72F0-ruJU55EJLhpD7IHlxwwFgZa90Y3BjqoVwSUA,14,4,CZrREcshkBhweDdT-5faujhxFNktadEA1B495veNH2g1lDg,376,Moon Amour ,200,False,127,Lissandra,8,5005,5008,5002,jV4LTtQbcgsVvNTT3VrqHdl0296xxhyX3uhqNTP8xfup62Hsru-2fjBOcS06Ibn4uZjECLEcoRQmYw,4,13,YCDvV9EKMavSYQEz96M7WjVn1aVFGJGkDAmA648l4grRH9M,391,DeerMilk,200,False,18,Tristana,9,5005,5008,5002,Xk0NNpZpZemcGCZMIlBrQtB3kj9yxFy8CimhbyJFGZIwHPeqYmT5LobVYAb97_4JyNwGeh23wSlDUw,1,4,D7-TQLJ9ENIOjps7ePb62qVIYeSxzbxSOVYY5AOxopgd8vq_4NMIjf0wVg,88,HarryBolzonya420,200,False,29,Twitch,10,5005,5008,5002,p-4TzFWD3hTRQVBwxCL9-dCB-LZZbqqo2z3CBeVzhD1tISEMnMed1viWd1CkrTv-8an85kFa1sYwkA,4,7,gDI9OPSSfVeZ0Atha-HMeyRwRA-t9IupvUO5bKqH6i3l9Kk,202,sonicfan236,200,False,8229,8224,8210,8237,8143,8138,8010,9111,9104,8014,8139,8135,8128,8139,8138,8135,8009,8014,8128,8126,8138,8135,8009,8014,8437,8446,8444,8451,8224,8237,8112,8143,8138,8105,8009,8014,8128,8139,8138,8135,8009,8014,8112,8139,8138,8106,8345,8352,9923,8139,8138,8135,9104,9111,8008,9111,9104,8014,8139,8135,NA1_4291877037,ARAM
39,Irelia,1,5007,5002,5002,PBECYldsfz-u0AD_bs6AxF7KlEKdJNbv1DFCu9gyf0jXxAWSOjA4jYxeEl0wBZiLaAdlR2L0-OEtQw,32,4,2SvxZGOpf3bIMQJjFAt7cffpHgntmHc9BGLKAQHhU1m4Px0,260,soundofthesummer,100,True,75,Nasus,2,5007,5002,5001,iLRPd-pqFF0igskV8KtOegSuTMvCIeykn7bxf9RdFUNOc6-ieulc320LpG4qOVUV1nqMvTcLbjT0HA,4,32,JlrSjBf4SSf02SGL_3zl4oR5kOUycb8z6VGMii55qcWxoi8,156,zocElectrode,100,True,222,Jinx,3,5005,5008,5001,v5LJF-qpVPNU7TVl9EaTwRq7oSVQhlrv24JGVxNpZ0taGmySZYFGG8PXpRREp6D5EMGE4Gm35BGeKg,4,7,jjWObovQw9EZUZ44SgmuVJE1Jv1wOerLtq0BFWoLmNC7hGI,132,PRJCTMARS,100,True,16,Soraka,4,5008,5008,5002,7vpgMhxrCRC1_3-c2zInnrcmiQkHHjHAzzQiEwdpgUre1RqMvPDceEt7YvlE9arugzVvepWe8na1ig,4,13,s8zVUMqXeA_NBS-wAuixF87CcqYWSE3DG7pQPXocfJ9jH0c,165,Destroyer1664,100,True,45,Veigar,5,5005,5008,5002,hgruH6fFiRdgmNpI7KQedgyk5S_WNDxZiXSwtkWdCTAPH6o0sQR9vRh6hBbyB9D4ITXKLRTP3r91IA,7,4,qPNZQvvYOEVGuGggjFy6QFMGAkFJ5KCTJygutKTfGT6Asr8,27,YogurtBones,100,True,80,Pantheon,6,5007,5008,5001,5HsZ67nrGaZSS5tiWRvYSO4pHdqCfDpFeJY92hCpriGQEJb1y33F2BauGrJaanyYZIa4iXydfxePzA,32,4,PlCn7Em-vcBY6FJjlrUr48ZQeJlnsmq5tiy5xnGZQ8T7TD8,165,whose a towelie,200,False,67,Vayne,7,5005,5008,5002,O3VHddg0LkPXjaFw2cLC9fabNnCvq0TefzGkvkvVSIyszNoB0-RtS5rGthYlIGkRs1UewadHnPKVJA,4,32,krR_GDbG43CQ1mep7o5UIoT4nvbd2c_ZYjDnh1AkfTc7g8U,331,jonesthefifth,200,False,876,Lillia,8,5008,5008,5002,rXoiQY7S6iIKT4I-QTAzY_v-UU_HLd92jS5KVux8D2zHkNBWfeDbF2ElPqMx8QWNDuhObFoS6vq2xw,4,32,dqNs4v4QmJ3OH_lJdx5bCLFd3eAF8T7D9hd3vIyizDbmRjo,315,CoSz Zeus,200,False,777,Yone,9,5005,5008,5002,V0qC4zYgOmLlS4zROrELBHxyYRuErxnfM45Q6c3ZaXVuskdPCgqJO3Kud3VftAe0Ot732vVAuOdRMg,32,4,Ks9hTi1VOQ9ytyDyNjewIzdu9YI7JTkLn1GPdELIRiEO-Iw,207,willkovy27,200,False,55,Katarina,10,5007,5002,5002,TjO87DHhR4yxMiZBTMsCTPyq519SX_s4Wx2DwCRTDfbYBZQddZk-AvyqiQBZlzNKOOfxsLfCBSScBA,14,32,koEv8eQ2-qJ4o6skvtXxi7RS5vg9swx8B5GV0St-khcrxNs,289,MasterAk2,200,False,8437,8463,8444,8451,9101,8014,8437,8463,8444,8242,9105,9111,8005,9111,9104,8014,8234,8236,8214,8226,8210,8237,8453,8473,8112,8139,8138,8135,9111,8014,8439,8463,8473,8451,8126,8135,8008,9111,9104,8014,8106,8143,8128,8126,8138,8135,8275,8237,8008,9111,9104,8014,8139,8135,8112,8126,8138,8105,8014,9111,NA1_4273041201,ARAM
